"Russell/Nomura “ú–{Š”ƒCƒ“ƒfƒbƒNƒX ŒŸw”’l (”z“–ŠÜ‚Ş), ‰~ƒx[ƒX"
¦ Prime:1996”N12Œ––=1000ASmall CoreAMicro:1999”N12Œ––=100A‚»‚êˆÈŠOF1979”N12Œ––=100
DATE,Total Market,Total Market Value,Total Market Growth,Large,Large Value,Large Growth,Top,Top Value,Top Growth,Mid,Mid Value,Mid Growth,Mid-Small,Mid-Small Value,Mid-Small Growth,Small,Small Value,Small Growth,Small Core,Small Core Value,Small Core Growth,Micro,Micro Value,Micro Growth,Prime,Prime Value,Prime Growth
197912,100.00,100.00,100.00,100.00,100.00,100.00,100.00,100.00,100.00,100.00,100.00,100.00,100.00,100.00,100.00,100.00,100.00,100.00,   nan,   nan,   nan,   nan,   nan,   nan,   nan,   nan,   nan
198001,101.76,103.00,100.56,101.59,102.80,100.37,101.33,103.07, 99.54,101.93,102.46,101.41,102.14,102.94,101.41,102.62,104.18,101.42,   nan,   nan,   nan,   nan,   nan,   nan,   nan,   nan,   nan
198002,101.54,102.74,100.37,101.44,102.67,100.18,101.09,103.13, 99.00,101.87,102.09,101.65,101.93,102.39,101.51,102.06,103.15,101.22,   nan,   nan,   nan,   nan,   nan,   nan,   nan,   nan,   nan
198003, 99.22,100.10, 98.36, 99.04, 99.95, 98.12, 98.61, 99.82, 97.36, 99.59,100.12, 99.07, 99.76,100.37, 99.20,100.14,101.01, 99.46,   nan,   nan,   nan,   nan,   nan,   nan,   nan,   nan,   nan
198004,102.27,102.77,101.78,102.11,102.54,101.68,102.59,103.58,101.57,101.51,101.21,101.80,101.99,102.03,101.95,103.07,104.14,102.25,   nan,   nan,   nan,   nan,   nan,   nan,   nan,   nan,   nan
198005,102.44,102.92,101.98,102.01,102.25,101.77,103.01,103.46,102.54,100.75,100.69,100.81,101.94,102.41,101.51,104.63,106.86,102.91,   nan,   nan,   nan,   nan,   nan,   nan,   nan,   nan,   nan
198006,103.61,105.11,102.17,103.06,104.53,101.57,102.76,104.69,100.78,103.44,104.32,102.56,104.37,105.50,103.32,106.46,108.54,104.86,   nan,   nan,   nan,   nan,   nan,   nan,   nan,   nan,   nan
198007,103.10,105.03,101.23,102.04,103.98,100.09,101.60,104.44, 98.69,102.61,103.38,101.85,104.41,105.57,103.34,108.47,111.24,106.33,   nan,   nan,   nan,   nan,   nan,   nan,   nan,   nan,   nan
198008,104.88,107.42,102.42,104.22,106.81,101.61,104.68,108.81,100.47,103.63,104.24,103.03,105.04,106.14,104.03,108.23,111.04,106.05,   nan,   nan,   nan,   nan,   nan,   nan,   nan,   nan,   nan
198009,107.79,111.24,104.46,107.19,110.69,103.66,107.96,114.03,101.77,106.21,106.41,106.01,107.64,108.66,106.70,110.85,114.44,108.08,   nan,   nan,   nan,   nan,   nan,   nan,   nan,   nan,   nan
198010,109.39,113.17,105.74,109.47,113.33,105.59,111.41,118.27,104.41,107.03,107.00,107.06,107.63,108.46,106.86,108.98,112.24,106.47,   nan,   nan,   nan,   nan,   nan,   nan,   nan,   nan,   nan
198011,108.78,111.76,105.90,108.76,111.73,105.76,109.61,115.73,103.37,107.68,106.61,108.73,108.07,108.12,108.01,108.93,111.99,106.57,   nan,   nan,   nan,   nan,   nan,   nan,   nan,   nan,   nan
198012,109.20,113.14,105.40,108.90,113.04,104.74,109.58,116.95,102.07,108.04,108.03,108.05,108.87,109.63,108.17,110.73,113.72,108.42,   nan,   nan,   nan,   nan,   nan,   nan,   nan,   nan,   nan
198101,112.62,116.69,108.70,111.92,116.13,107.69,111.97,119.75,104.07,111.86,111.49,112.22,113.19,113.87,112.59,116.18,119.83,113.34,   nan,   nan,   nan,   nan,   nan,   nan,   nan,   nan,   nan
198102,112.09,115.90,108.42,111.69,115.71,107.63,111.92,119.61,104.10,111.39,110.72,112.06,112.24,112.51,112.03,114.15,116.99,111.97,   nan,   nan,   nan,   nan,   nan,   nan,   nan,   nan,   nan
198103,118.26,124.51,112.29,119.35,126.03,112.71,122.94,135.42,110.50,114.85,114.24,115.45,114.22,114.76,113.75,112.79,116.06,110.26,   nan,   nan,   nan,   nan,   nan,   nan,   nan,   nan,   nan
198104,125.51,135.93,115.64,128.61,140.02,117.39,138.28,158.49,118.40,116.51,117.00,116.04,114.48,115.90,113.21,109.91,113.14,107.41,   nan,   nan,   nan,   nan,   nan,   nan,   nan,   nan,   nan
198105,125.57,136.40,115.31,129.55,141.52,117.80,142.29,164.19,120.77,113.63,113.29,113.96,111.11,111.73,110.56,105.45,107.85,103.60,   nan,   nan,   nan,   nan,   nan,   nan,   nan,   nan,   nan
198106,131.33,142.32,120.92,135.31,147.54,123.30,147.34,170.86,124.27,120.27,118.51,122.00,117.49,116.99,117.98,111.23,113.21,109.73,   nan,   nan,   nan,   nan,   nan,   nan,   nan,   nan,   nan
198107,132.66,144.85,121.12,137.26,150.91,123.89,151.26,177.38,125.69,119.76,117.96,121.53,116.57,115.98,117.15,109.42,111.05,108.20,   nan,   nan,   nan,   nan,   nan,   nan,   nan,   nan,   nan
198108,132.63,146.19,119.81,137.40,152.44,122.68,151.85,179.73,124.60,119.33,118.48,120.18,116.02,116.44,115.67,108.54,111.34,106.38,   nan,   nan,   nan,   nan,   nan,   nan,   nan,   nan,   nan
198109,124.24,136.04,113.07,127.64,140.41,115.13,136.39,157.29,115.89,116.70,119.40,114.09,113.75,117.21,110.61,107.07,111.71,103.44,   nan,   nan,   nan,   nan,   nan,   nan,   nan,   nan,   nan
198110,124.61,136.08,113.75,128.07,140.38,116.00,136.71,156.58,117.19,117.28,120.22,114.43,114.16,117.91,110.76,107.14,112.14,103.23,   nan,   nan,   nan,   nan,   nan,   nan,   nan,   nan,   nan
198111,125.07,136.03,114.69,128.06,139.55,116.78,134.50,152.15,117.10,120.02,123.86,116.30,116.93,121.76,112.55,109.99,116.48,104.90,   nan,   nan,   nan,   nan,   nan,   nan,   nan,   nan,   nan
198112,127.80,140.54,115.75,131.38,145.04,118.00,139.53,160.98,118.50,121.18,125.18,117.30,117.66,122.44,113.32,109.73,115.54,105.18,   nan,   nan,   nan,   nan,   nan,   nan,   nan,   nan,   nan
198201,130.65,143.40,118.57,134.38,148.17,120.84,142.46,164.37,120.97,124.28,127.99,120.62,120.50,124.41,117.05,111.86,117.02,107.97,   nan,   nan,   nan,   nan,   nan,   nan,   nan,   nan,   nan
198202,123.81,137.22,111.29,126.37,140.64,112.63,132.14,154.09,111.00,119.18,123.85,114.76,116.70,121.72,112.30,111.03,117.29,106.05,   nan,   nan,   nan,   nan,   nan,   nan,   nan,   nan,   nan
198203,120.03,134.24,106.93,122.31,137.25,108.14,126.58,148.24,105.86,117.00,123.49,111.13,114.48,121.15,108.66,108.69,116.31,102.35,   nan,   nan,   nan,   nan,   nan,   nan,   nan,   nan,   nan
198204,122.63,137.23,109.18,125.28,140.83,110.58,130.29,153.26,108.46,119.04,125.30,113.35,116.11,122.43,110.60,109.38,116.47,103.57,   nan,   nan,   nan,   nan,   nan,   nan,   nan,   nan,   nan
198205,122.74,136.36,110.07,125.49,140.12,111.50,130.79,152.59,109.81,118.90,124.54,113.71,115.88,121.40,111.05,108.96,114.88,104.29,   nan,   nan,   nan,   nan,   nan,   nan,   nan,   nan,   nan
198206,120.86,134.37,108.31,123.25,137.62,109.49,127.65,148.58,107.43,117.78,123.91,112.20,115.10,121.09,109.87,108.98,115.32,103.90,   nan,   nan,   nan,   nan,   nan,   nan,   nan,   nan,   nan
198207,118.93,132.09,106.68,121.05,134.85,107.79,124.17,143.93,104.95,117.22,123.50,111.53,114.54,120.83,109.05,108.42,115.37,102.73,   nan,   nan,   nan,   nan,   nan,   nan,   nan,   nan,   nan
198208,118.87,132.46,106.27,121.41,135.90,107.62,126.02,146.75,106.01,115.70,122.35,109.72,112.78,119.15,107.24,106.13,112.59,100.89,   nan,   nan,   nan,   nan,   nan,   nan,   nan,   nan,   nan
198209,118.04,131.11,105.87,120.78,134.94,107.26,125.22,145.83,105.32,115.29,121.32,109.80,111.93,117.44,107.11,104.28,109.51,100.23,   nan,   nan,   nan,   nan,   nan,   nan,   nan,   nan,   nan
198210,122.79,135.29,111.01,126.07,139.55,112.94,132.05,152.68,111.90,118.63,123.15,114.32,114.88,119.34,110.94,106.28,111.57,102.21,   nan,   nan,   nan,   nan,   nan,   nan,   nan,   nan,   nan
198211,131.65,143.87,119.93,135.44,148.58,122.37,142.62,163.73,121.72,126.50,129.66,123.21,122.24,125.77,119.07,112.48,117.83,108.41,   nan,   nan,   nan,   nan,   nan,   nan,   nan,   nan,   nan
198212,135.50,147.64,123.80,139.99,153.03,126.88,149.25,171.35,127.38,128.42,130.15,126.23,123.67,126.28,121.27,112.78,118.38,108.47,   nan,   nan,   nan,   nan,   nan,   nan,   nan,   nan,   nan
198301,134.50,147.21,122.33,138.13,151.54,124.77,143.80,165.76,122.26,131.18,133.25,128.65,126.63,129.60,124.02,116.26,122.35,111.40,   nan,   nan,   nan,   nan,   nan,   nan,   nan,   nan,   nan
198302,135.74,149.20,122.91,139.27,153.52,125.21,144.87,167.60,122.75,132.40,135.36,129.03,128.01,131.66,124.71,118.01,124.31,112.92,   nan,   nan,   nan,   nan,   nan,   nan,   nan,   nan,   nan
198303,142.83,156.96,129.36,146.48,161.54,131.64,151.69,175.32,128.65,140.13,143.57,136.27,135.37,139.25,131.87,124.49,130.61,119.80,   nan,   nan,   nan,   nan,   nan,   nan,   nan,   nan,   nan
198304,146.50,159.41,134.01,149.75,163.35,135.99,154.62,177.24,132.14,143.86,145.25,141.92,139.72,142.02,137.87,130.28,135.60,126.78,   nan,   nan,   nan,   nan,   nan,   nan,   nan,   nan,   nan
198305,147.75,157.12,138.22,150.66,160.34,139.97,153.70,172.77,133.71,147.12,143.89,149.53,142.92,141.40,145.05,133.32,136.45,132.75,   nan,   nan,   nan,   nan,   nan,   nan,   nan,   nan,   nan
198306,152.47,160.10,144.35,155.91,163.63,146.64,159.93,176.92,141.10,151.12,146.18,155.13,146.32,143.43,149.88,135.33,137.95,135.48,   nan,   nan,   nan,   nan,   nan,   nan,   nan,   nan,   nan
198307,155.04,162.07,147.40,157.65,164.57,148.97,160.35,176.65,142.00,154.54,148.44,159.62,150.81,147.00,155.34,142.27,144.12,143.59,   nan,   nan,   nan,   nan,   nan,   nan,   nan,   nan,   nan
198308,158.38,164.90,151.12,160.59,166.96,152.29,161.11,177.82,142.42,160.30,152.13,167.32,156.47,150.98,162.77,147.69,148.71,150.25,   nan,   nan,   nan,   nan,   nan,   nan,   nan,   nan,   nan
198309,162.26,169.40,154.45,165.18,172.30,156.20,168.65,185.91,149.25,161.14,154.35,166.86,157.12,152.70,162.32,147.87,149.43,149.72,   nan,   nan,   nan,   nan,   nan,   nan,   nan,   nan,   nan
198310,160.82,169.69,151.57,163.30,172.15,153.01,166.20,185.74,145.35,159.97,154.22,164.72,156.54,153.32,160.51,148.67,151.54,148.83,   nan,   nan,   nan,   nan,   nan,   nan,   nan,   nan,   nan
198311,161.15,168.22,153.41,163.18,170.05,154.43,165.52,182.42,146.51,160.55,153.50,166.52,157.78,153.24,163.11,151.43,152.73,153.70,   nan,   nan,   nan,   nan,   nan,   nan,   nan,   nan,   nan
198312,172.30,180.15,163.77,175.09,183.08,165.23,178.88,198.69,157.28,170.66,162.73,177.40,167.00,161.69,173.16,158.62,159.61,161.47,   nan,   nan,   nan,   nan,   nan,   nan,   nan,   nan,   nan
198401,180.13,187.89,171.64,182.87,190.96,172.80,186.05,206.52,163.69,179.27,170.57,186.77,175.44,169.29,182.19,166.76,166.39,171.44,   nan,   nan,   nan,   nan,   nan,   nan,   nan,   nan,   nan
198402,178.44,187.14,169.04,180.44,189.70,169.29,180.90,202.71,157.56,180.43,172.25,187.32,176.91,170.99,183.40,168.94,168.11,174.20,   nan,   nan,   nan,   nan,   nan,   nan,   nan,   nan,   nan
198403,196.62,209.47,183.10,200.66,214.72,184.68,201.57,229.72,172.31,200.12,194.65,203.68,192.90,189.14,196.90,176.53,176.62,180.92,   nan,   nan,   nan,   nan,   nan,   nan,   nan,   nan,   nan
198404,195.06,209.15,180.35,198.72,213.80,181.79,197.89,225.26,169.38,200.47,197.81,200.86,193.27,192.12,194.28,176.97,179.20,178.86,   nan,   nan,   nan,   nan,   nan,   nan,   nan,   nan,   nan
198405,176.24,190.81,161.17,178.61,193.89,161.76,176.12,202.67,148.91,182.49,181.22,181.52,177.06,177.52,176.26,164.80,169.12,163.95,   nan,   nan,   nan,   nan,   nan,   nan,   nan,   nan,   nan
198406,180.77,195.74,165.29,183.32,198.66,166.35,180.34,206.46,153.37,187.85,187.06,186.29,181.90,183.27,180.06,168.44,174.67,165.48,   nan,   nan,   nan,   nan,   nan,   nan,   nan,   nan,   nan
198407,174.13,188.92,158.85,175.73,190.69,159.24,172.49,197.92,146.33,180.59,179.84,179.08,176.32,177.95,174.20,166.68,173.66,162.80,   nan,   nan,   nan,   nan,   nan,   nan,   nan,   nan,   nan
198408,186.69,198.01,174.68,188.60,200.28,175.03,186.02,210.34,160.40,192.63,186.06,197.51,188.05,184.21,192.12,177.70,180.01,179.50,   nan,   nan,   nan,   nan,   nan,   nan,   nan,   nan,   nan
198409,189.12,197.61,179.83,191.36,200.38,180.26,189.38,210.94,165.97,194.60,185.58,202.23,189.62,183.00,196.85,178.40,177.19,184.31,   nan,   nan,   nan,   nan,   nan,   nan,   nan,   nan,   nan
198410,196.20,205.97,185.63,198.45,208.63,186.15,194.66,217.85,169.75,204.08,195.25,211.37,198.37,192.34,204.92,185.49,185.80,189.83,   nan,   nan,   nan,   nan,   nan,   nan,   nan,   nan,   nan
198411,197.33,213.03,181.09,198.78,215.26,180.60,191.87,219.56,163.31,208.53,207.40,207.17,203.05,203.47,202.35,190.75,194.62,191.11,   nan,   nan,   nan,   nan,   nan,   nan,   nan,   nan,   nan
198412,204.59,224.40,184.38,207.29,228.39,184.66,203.17,236.52,169.59,213.40,215.99,207.83,206.67,210.20,202.46,191.55,197.16,189.92,   nan,   nan,   nan,   nan,   nan,   nan,   nan,   nan,   nan
198501,208.61,227.84,188.80,210.74,230.80,188.86,204.46,235.69,172.25,219.93,222.15,214.66,213.05,216.84,208.64,198.52,205.33,195.82,   nan,   nan,   nan,   nan,   nan,   nan,   nan,   nan,   nan
198502,215.20,234.17,195.48,218.05,237.87,196.17,212.00,242.01,180.23,226.92,230.01,220.67,218.73,223.05,213.78,201.44,207.94,199.13,   nan,   nan,   nan,   nan,   nan,   nan,   nan,   nan,   nan
198503,220.49,243.29,197.53,223.55,246.80,198.76,216.97,248.86,183.65,233.18,241.26,221.74,224.34,233.78,214.18,205.71,217.58,198.12,   nan,   nan,   nan,   nan,   nan,   nan,   nan,   nan,   nan
198504,215.00,237.54,192.36,217.12,239.66,193.07,209.78,240.98,177.32,227.81,235.10,217.27,220.48,229.85,210.39,205.01,218.50,195.78,   nan,   nan,   nan,   nan,   nan,   nan,   nan,   nan,   nan
198505,220.66,251.01,191.49,223.12,253.63,192.50,215.62,251.86,179.41,234.04,252.50,212.07,225.98,245.13,206.00,208.96,229.16,193.12,   nan,   nan,   nan,   nan,   nan,   nan,   nan,   nan,   nan
198506,226.50,260.83,193.95,229.23,263.69,195.27,222.40,261.03,184.20,239.20,263.47,211.25,230.92,255.25,205.70,213.45,237.47,193.90,   nan,   nan,   nan,   nan,   nan,   nan,   nan,   nan,   nan
198507,218.34,259.51,180.34,219.60,260.20,180.99,209.04,248.06,171.29,234.87,271.10,194.82,227.75,263.27,191.23,212.73,246.35,183.60,   nan,   nan,   nan,   nan,   nan,   nan,   nan,   nan,   nan
198508,224.81,269.37,183.89,225.94,270.23,184.19,212.86,256.18,171.98,244.80,283.25,202.36,236.76,274.30,198.19,219.85,254.99,189.35,   nan,   nan,   nan,   nan,   nan,   nan,   nan,   nan,   nan
198509,230.07,283.23,181.99,231.61,285.43,182.04,218.97,271.81,171.29,249.84,297.76,197.70,241.23,286.48,194.85,223.09,262.07,188.81,   nan,   nan,   nan,   nan,   nan,   nan,   nan,   nan,   nan
198510,230.11,272.61,190.81,232.08,274.97,191.30,221.15,267.30,177.90,247.90,280.52,211.43,239.23,271.25,206.30,220.94,251.15,195.41,   nan,   nan,   nan,   nan,   nan,   nan,   nan,   nan,   nan
198511,226.78,265.76,190.44,227.27,266.21,189.81,214.58,257.48,173.91,245.56,273.11,214.29,238.97,266.90,210.20,225.10,253.46,201.51,   nan,   nan,   nan,   nan,   nan,   nan,   nan,   nan,   nan
198512,236.07,275.93,198.84,238.09,277.86,199.68,228.83,273.53,186.17,251.58,279.52,219.85,243.56,272.20,214.05,226.66,256.34,201.77,   nan,   nan,   nan,   nan,   nan,   nan,   nan,   nan,   nan
198601,236.25,274.06,200.40,236.64,273.88,200.03,226.48,269.69,184.87,251.42,275.43,223.02,245.89,272.34,218.12,234.81,265.20,209.27,   nan,   nan,   nan,   nan,   nan,   nan,   nan,   nan,   nan
198602,247.64,292.10,206.80,247.51,290.29,206.59,235.31,278.85,192.87,265.22,300.29,227.01,259.73,297.41,222.79,248.75,290.78,215.17,   nan,   nan,   nan,   nan,   nan,   nan,   nan,   nan,   nan
198603,287.21,345.70,235.20,293.02,350.50,239.92,286.33,344.66,231.54,302.91,353.06,250.73,288.45,339.83,239.97,259.40,309.15,220.45,   nan,   nan,   nan,   nan,   nan,   nan,   nan,   nan,   nan
198604,287.02,340.62,238.30,290.83,343.78,240.94,282.39,342.66,226.74,303.21,340.80,261.66,291.74,332.27,251.66,268.89,312.53,233.73,   nan,   nan,   nan,   nan,   nan,   nan,   nan,   nan,   nan
198605,297.66,357.38,244.36,300.76,359.47,246.45,289.10,353.31,230.65,317.75,362.30,269.84,306.13,353.78,260.08,282.99,334.07,242.60,   nan,   nan,   nan,   nan,   nan,   nan,   nan,   nan,   nan
198606,311.79,378.45,253.21,313.83,379.08,254.43,299.48,364.15,240.02,334.67,392.06,275.33,323.85,382.90,268.40,302.30,361.70,255.97,   nan,   nan,   nan,   nan,   nan,   nan,   nan,   nan,   nan
198607,327.69,391.62,270.23,334.85,395.92,277.34,330.21,381.84,276.24,341.88,407.68,275.17,325.69,392.09,264.44,293.42,356.03,245.21,   nan,   nan,   nan,   nan,   nan,   nan,   nan,   nan,   nan
198608,355.35,432.41,287.85,369.36,445.70,299.76,373.81,445.08,305.18,363.45,440.93,286.13,338.24,413.53,269.68,288.02,350.16,240.24,   nan,   nan,   nan,   nan,   nan,   nan,   nan,   nan,   nan
198609,351.96,429.46,284.32,370.87,448.50,300.32,391.15,471.20,316.11,342.42,416.11,268.99,315.27,386.72,250.36,260.96,318.48,216.87,   nan,   nan,   nan,   nan,   nan,   nan,   nan,   nan,   nan
198610,325.26,386.55,269.71,339.12,399.10,282.17,349.08,411.28,287.58,325.30,379.76,268.76,303.11,358.72,250.92,258.65,309.76,218.83,   nan,   nan,   nan,   nan,   nan,   nan,   nan,   nan,   nan
198611,348.15,417.61,286.10,362.11,430.00,298.65,367.90,435.84,301.67,354.24,417.77,289.06,329.89,394.55,269.86,281.16,340.54,235.36,   nan,   nan,   nan,   nan,   nan,   nan,   nan,   nan,   nan
198612,357.92,430.17,293.56,374.96,445.48,309.11,388.33,462.06,317.23,356.30,420.35,290.63,329.49,395.58,268.36,275.99,337.99,228.60,   nan,   nan,   nan,   nan,   nan,   nan,   nan,   nan,   nan
198701,388.24,474.01,313.67,409.13,493.23,332.84,425.14,501.28,349.59,386.69,476.79,297.84,353.64,438.76,275.73,287.53,362.59,228.66,   nan,   nan,   nan,   nan,   nan,   nan,   nan,   nan,   nan
198702,399.78,478.21,329.35,422.82,497.78,351.39,441.34,500.93,372.62,396.75,486.67,307.75,360.71,446.19,282.39,288.54,365.03,228.40,   nan,   nan,   nan,   nan,   nan,   nan,   nan,   nan,   nan
198703,408.02,500.52,328.13,430.98,520.83,349.84,445.47,515.64,371.11,410.80,518.55,306.14,372.99,473.43,281.51,297.20,382.78,229.09,   nan,   nan,   nan,   nan,   nan,   nan,   nan,   nan,   nan
198704,442.93,549.12,352.51,470.75,574.87,378.42,488.90,569.97,405.28,445.32,571.45,323.89,399.76,516.34,293.95,308.39,405.44,230.25,   nan,   nan,   nan,   nan,   nan,   nan,   nan,   nan,   nan
198705,461.04,581.45,360.58,484.80,603.50,382.61,491.80,591.64,398.56,475.65,607.29,348.59,432.73,555.49,321.18,346.60,451.16,262.86,   nan,   nan,   nan,   nan,   nan,   nan,   nan,   nan,   nan
198706,444.99,570.81,341.86,462.30,585.32,358.76,457.30,570.62,360.38,470.58,592.50,351.98,434.54,552.81,326.87,362.27,472.88,273.56,   nan,   nan,   nan,   nan,   nan,   nan,   nan,   nan,   nan
198707,443.33,568.70,340.57,457.25,578.61,355.04,450.34,568.22,351.76,468.29,581.15,357.50,437.98,550.95,334.89,377.30,490.25,286.94,   nan,   nan,   nan,   nan,   nan,   nan,   nan,   nan,   nan
198708,472.41,602.61,365.09,486.51,610.86,380.72,478.33,585.61,382.57,499.45,629.22,373.27,468.19,595.87,351.97,405.64,528.86,306.88,   nan,   nan,   nan,   nan,   nan,   nan,   nan,   nan,   nan
198709,473.86,618.30,357.31,488.19,629.40,371.83,483.44,622.94,371.12,496.15,626.83,369.29,466.06,595.16,348.64,405.96,531.60,305.02,   nan,   nan,   nan,   nan,   nan,   nan,   nan,   nan,   nan
198710,424.34,552.76,320.57,435.58,559.01,333.35,431.75,541.16,339.06,442.08,570.05,319.18,418.47,543.61,305.04,371.37,490.57,275.19,   nan,   nan,   nan,   nan,   nan,   nan,   nan,   nan,   nan
198711,407.61,535.43,305.05,417.21,540.26,316.28,410.69,523.70,318.01,427.59,550.17,309.74,405.88,526.94,296.13,362.57,480.31,267.45,   nan,   nan,   nan,   nan,   nan,   nan,   nan,   nan,   nan
198712,382.01,509.55,280.88,386.82,509.44,287.91,371.31,486.03,281.18,410.18,527.37,297.47,393.51,510.56,287.39,360.28,476.82,266.17,   nan,   nan,   nan,   nan,   nan,   nan,   nan,   nan,   nan
198801,424.48,568.02,311.05,430.12,568.53,318.96,415.86,544.19,314.99,451.54,586.36,323.23,433.60,567.24,313.34,398.92,528.76,294.15,   nan,   nan,   nan,   nan,   nan,   nan,   nan,   nan,   nan
198802,459.10,613.86,336.70,465.67,615.26,345.46,451.72,586.21,344.56,486.59,637.86,343.96,466.97,614.52,334.87,429.15,567.65,317.28,   nan,   nan,   nan,   nan,   nan,   nan,   nan,   nan,   nan
198803,477.41,645.74,345.87,485.86,650.22,355.71,475.16,628.67,356.54,501.84,662.98,351.01,480.18,636.68,340.90,438.45,583.93,321.36,   nan,   nan,   nan,   nan,   nan,   nan,   nan,   nan,   nan
198804,491.39,668.84,353.57,497.05,669.35,361.53,480.99,641.28,358.51,521.17,689.68,363.68,502.26,667.39,355.56,465.97,622.90,339.89,   nan,   nan,   nan,   nan,   nan,   nan,   nan,   nan,   nan
198805,478.73,662.35,338.24,478.88,654.70,342.69,455.84,617.12,335.14,513.64,686.92,353.16,502.07,675.49,349.42,479.91,652.70,342.21,   nan,   nan,   nan,   nan,   nan,   nan,   nan,   nan,   nan
198806,492.36,694.62,340.09,494.25,691.53,344.60,472.68,661.02,337.11,526.78,714.40,354.98,512.50,697.17,351.17,485.18,662.86,343.86,   nan,   nan,   nan,   nan,   nan,   nan,   nan,   nan,   nan
198807,508.02,726.84,345.02,516.72,736.07,352.73,511.08,744.10,349.98,525.07,711.17,354.49,505.53,687.09,346.82,468.13,639.16,332.06,   nan,   nan,   nan,   nan,   nan,   nan,   nan,   nan,   nan
198808,481.80,688.12,327.92,487.14,691.67,333.84,471.74,679.68,326.58,510.33,692.10,343.88,492.38,670.62,336.78,458.01,627.82,323.14,   nan,   nan,   nan,   nan,   nan,   nan,   nan,   nan,   nan
198809,490.27,715.39,324.83,498.71,725.49,331.73,486.17,721.41,326.16,517.55,715.56,338.75,494.90,685.17,330.48,451.58,624.65,314.60,   nan,   nan,   nan,   nan,   nan,   nan,   nan,   nan,   nan
198810,490.71,720.85,322.32,500.89,732.57,330.92,490.85,723.88,331.53,515.93,728.10,326.84,491.15,692.94,318.60,443.69,622.71,302.77,   nan,   nan,   nan,   nan,   nan,   nan,   nan,   nan,   nan
198811,518.57,759.39,342.02,528.56,770.18,350.86,520.54,766.56,352.13,540.56,758.79,345.42,517.24,726.78,337.66,472.54,662.76,322.77,   nan,   nan,   nan,   nan,   nan,   nan,   nan,   nan,   nan
198812,533.22,773.83,355.76,544.82,785.34,366.58,534.35,768.47,370.64,560.48,789.70,355.99,532.72,750.84,346.08,479.48,673.15,327.06,   nan,   nan,   nan,   nan,   nan,   nan,   nan,   nan,   nan
198901,560.56,818.72,371.62,568.65,823.77,380.78,554.52,798.68,384.15,590.00,837.70,371.23,567.12,805.38,365.15,523.91,743.05,353.16,   nan,   nan,   nan,   nan,   nan,   nan,   nan,   nan,   nan
198902,558.27,831.48,362.73,567.60,841.61,371.29,549.99,815.72,371.51,594.37,856.16,367.27,567.13,814.09,360.34,515.65,733.01,346.65,   nan,   nan,   nan,   nan,   nan,   nan,   nan,   nan,   nan
198903,564.39,847.20,363.66,571.80,855.24,370.69,539.15,814.10,358.34,621.90,888.78,388.13,590.42,843.65,377.28,530.98,756.70,355.89,   nan,   nan,   nan,   nan,   nan,   nan,   nan,   nan,   nan
198904,570.54,856.21,367.73,574.43,858.17,372.84,536.65,807.34,357.90,632.46,903.89,394.71,605.34,865.49,386.53,554.09,791.38,370.40,   nan,   nan,   nan,   nan,   nan,   nan,   nan,   nan,   nan
198905,580.33,876.26,371.57,581.92,876.15,374.61,543.71,831.37,357.16,640.61,913.86,400.71,617.89,881.50,395.62,574.98,819.06,385.58,   nan,   nan,   nan,   nan,   nan,   nan,   nan,   nan,   nan
198906,558.82,843.15,358.10,557.67,839.17,359.20,515.99,792.13,337.67,621.71,880.51,392.41,602.57,854.66,388.61,566.56,804.80,381.20,   nan,   nan,   nan,   nan,   nan,   nan,   nan,   nan,   nan
198907,599.66,903.58,384.81,600.45,901.48,387.70,558.64,847.64,369.63,664.67,950.04,414.74,641.63,916.98,409.98,598.30,853.20,400.71,   nan,   nan,   nan,   nan,   nan,   nan,   nan,   nan,   nan
198908,591.28,894.74,377.68,585.93,884.97,375.92,534.82,821.00,350.00,664.49,946.58,416.39,648.73,923.14,416.74,619.14,877.94,417.43,   nan,   nan,   nan,   nan,   nan,   nan,   nan,   nan,   nan
198909,618.07,945.62,390.02,606.65,925.70,384.90,544.22,839.31,354.58,702.60,1014.49,432.76,692.98,999.00,438.04,674.92,969.12,448.32,   nan,   nan,   nan,   nan,   nan,   nan,   nan,   nan,   nan
198910,618.82,953.46,387.41,608.01,934.89,382.49,545.14,852.12,350.55,704.62,1018.99,433.13,693.55,1002.46,436.96,672.84,970.69,444.39,   nan,   nan,   nan,   nan,   nan,   nan,   nan,   nan,   nan
198911,650.00,998.41,408.36,639.70,978.08,404.97,578.87,890.75,377.97,733.24,1066.97,447.07,722.27,1050.96,451.19,701.77,1020.21,459.16,   nan,   nan,   nan,   nan,   nan,   nan,   nan,   nan,   nan
198912,659.83,1016.21,413.29,643.17,986.16,405.90,572.79,883.73,373.06,751.29,1093.62,457.87,747.94,1088.38,467.20,741.67,1078.31,485.23,   nan,   nan,   nan,   nan,   nan,   nan,   nan,   nan,   nan
199001,630.05,966.77,396.09,608.87,932.00,384.95,536.50,831.16,347.65,721.36,1041.22,443.07,727.48,1050.23,456.90,741.64,1076.47,485.70,   nan,   nan,   nan,   nan,   nan,   nan,   nan,   nan,   nan
199002,593.86,903.04,376.66,568.47,863.55,362.37,496.98,765.59,324.29,680.42,973.34,421.34,696.41,996.32,440.60,733.26,1062.93,480.61,   nan,   nan,   nan,   nan,   nan,   nan,   nan,   nan,   nan
199003,516.99,790.94,325.96,489.78,751.23,308.98,424.35,669.22,268.87,593.01,840.66,370.19,616.49,874.56,392.67,670.51,972.75,439.26,   nan,   nan,   nan,   nan,   nan,   nan,   nan,   nan,   nan
199004,514.99,790.38,323.68,494.57,758.60,311.99,433.00,682.80,274.39,590.90,835.62,369.67,601.54,854.23,382.85,625.98,908.01,410.12,   nan,   nan,   nan,   nan,   nan,   nan,   nan,   nan,   nan
199005,568.69,870.44,358.40,544.07,833.08,343.86,475.39,744.88,303.71,651.70,927.06,405.58,667.66,950.72,424.01,704.32,1019.06,462.17,   nan,   nan,   nan,   nan,   nan,   nan,   nan,   nan,   nan
199006,551.09,834.78,350.85,519.63,790.13,330.89,446.25,699.01,285.21,636.07,893.40,400.30,664.63,933.36,426.70,730.22,1048.79,481.32,   nan,   nan,   nan,   nan,   nan,   nan,   nan,   nan,   nan
199007,534.48,802.25,343.27,498.05,752.94,319.12,417.86,651.36,268.71,626.97,879.27,395.10,662.91,925.79,427.42,745.23,1059.76,494.17,   nan,   nan,   nan,   nan,   nan,   nan,   nan,   nan,   nan
199008,466.62,710.91,295.41,437.61,671.80,275.80,373.30,592.85,234.39,540.08,762.40,338.41,568.39,798.42,364.85,633.14,902.00,419.39,   nan,   nan,   nan,   nan,   nan,   nan,   nan,   nan,   nan
199009,373.32,580.59,231.54,351.58,548.40,217.69,303.23,487.20,187.46,428.11,616.23,263.63,449.18,647.86,282.37,497.37,738.70,321.04,   nan,   nan,   nan,   nan,   nan,   nan,   nan,   nan,   nan
199010,440.81,666.68,281.06,414.66,629.49,264.51,354.41,551.78,228.26,510.58,721.45,319.64,534.82,754.71,342.09,590.24,850.04,388.42,   nan,   nan,   nan,   nan,   nan,   nan,   nan,   nan,   nan
199011,385.89,594.54,241.62,365.60,564.29,229.06,318.11,499.61,202.63,440.32,637.29,269.79,458.67,662.52,288.00,500.53,734.59,325.55,   nan,   nan,   nan,   nan,   nan,   nan,   nan,   nan,   nan
199012,401.70,623.17,249.79,385.37,596.59,240.64,341.95,532.80,220.01,452.52,665.10,273.33,464.32,681.61,287.70,491.28,728.92,317.32,   nan,   nan,   nan,   nan,   nan,   nan,   nan,   nan,   nan
199101,392.97,611.27,243.69,380.78,589.39,237.82,341.13,531.09,219.72,441.32,648.25,266.72,446.63,657.70,276.31,458.08,683.31,294.84,   nan,   nan,   nan,   nan,   nan,   nan,   nan,   nan,   nan
199102,456.46,714.76,281.14,437.98,684.60,270.57,385.33,609.61,243.30,520.19,766.54,313.41,532.09,784.61,328.80,557.69,833.56,358.47,   nan,   nan,   nan,   nan,   nan,   nan,   nan,   nan,   nan
199103,460.51,711.20,287.65,437.87,675.06,274.68,381.00,596.64,243.63,527.60,764.23,323.18,546.26,794.27,341.62,586.38,875.57,377.16,   nan,   nan,   nan,   nan,   nan,   nan,   nan,   nan,   nan
199104,456.67,703.35,286.02,432.96,666.29,272.13,376.24,588.61,240.89,522.55,754.82,320.92,543.67,787.59,341.07,588.92,875.82,379.81,   nan,   nan,   nan,   nan,   nan,   nan,   nan,   nan,   nan
199105,455.26,699.26,285.92,431.90,662.59,272.39,374.43,581.83,241.71,522.85,757.20,320.33,542.79,787.61,340.05,585.49,869.45,377.95,   nan,   nan,   nan,   nan,   nan,   nan,   nan,   nan,   nan
199106,423.18,646.34,267.25,399.36,610.59,252.80,345.35,539.06,221.72,485.03,692.37,301.18,507.82,726.27,321.96,556.64,817.50,361.93,   nan,   nan,   nan,   nan,   nan,   nan,   nan,   nan,   nan
199107,431.74,664.28,270.68,410.95,631.53,258.70,360.35,561.43,231.88,490.23,708.84,300.79,508.37,736.36,318.96,547.18,810.32,353.86,   nan,   nan,   nan,   nan,   nan,   nan,   nan,   nan,   nan
199108,399.39,617.73,249.09,383.67,591.11,240.86,339.86,526.82,220.04,451.59,661.01,273.88,462.38,678.32,287.01,485.45,724.83,312.25,   nan,   nan,   nan,   nan,   nan,   nan,   nan,   nan,   nan
199109,426.17,660.19,265.38,408.10,630.09,255.60,355.52,553.93,228.75,490.99,718.86,297.69,502.04,737.35,311.33,525.69,787.00,337.54,   nan,   nan,   nan,   nan,   nan,   nan,   nan,   nan,   nan
199110,433.61,670.40,270.54,414.33,637.33,260.56,361.71,558.50,235.29,497.12,730.47,300.37,510.81,754.19,315.35,540.07,817.89,344.11,   nan,   nan,   nan,   nan,   nan,   nan,   nan,   nan,   nan
199111,395.47,611.01,246.92,379.95,582.62,239.75,333.06,508.22,219.68,453.46,672.13,271.66,462.07,688.47,283.02,480.49,732.31,304.81,   nan,   nan,   nan,   nan,   nan,   nan,   nan,   nan,   nan
199112,393.61,610.54,244.78,378.81,582.24,238.42,331.45,507.34,217.84,453.16,672.72,271.07,459.93,688.62,280.50,474.40,731.30,298.60,   nan,   nan,   nan,   nan,   nan,   nan,   nan,   nan,   nan
199201,378.43,589.38,234.40,363.73,562.71,227.41,317.13,495.01,203.99,437.13,641.46,264.29,444.03,659.44,272.66,458.92,701.73,290.83,   nan,   nan,   nan,   nan,   nan,   nan,   nan,   nan,   nan
199202,363.92,564.45,226.33,348.04,535.96,218.64,300.92,468.94,193.92,422.79,615.66,257.41,431.94,638.22,266.42,451.66,691.28,286.00,   nan,   nan,   nan,   nan,   nan,   nan,   nan,   nan,   nan
199203,334.29,522.36,206.38,320.14,496.79,199.54,277.27,436.16,176.80,388.05,567.91,235.19,395.72,587.78,242.96,412.26,634.51,259.83,   nan,   nan,   nan,   nan,   nan,   nan,   nan,   nan,   nan
199204,315.55,496.71,193.39,304.30,476.66,187.83,269.55,434.00,167.27,358.19,516.15,220.12,364.05,533.91,226.03,376.69,575.60,238.86,   nan,   nan,   nan,   nan,   nan,   nan,   nan,   nan,   nan
199205,329.36,514.65,203.35,315.99,490.95,196.70,275.19,437.79,173.21,380.32,548.73,233.46,387.46,568.64,240.41,402.82,615.39,255.47,   nan,   nan,   nan,   nan,   nan,   nan,   nan,   nan,   nan
199206,297.66,464.18,184.15,285.59,442.91,178.11,249.59,398.89,156.25,342.18,487.72,212.30,349.11,507.65,218.34,364.01,554.42,231.45,   nan,   nan,   nan,   nan,   nan,   nan,   nan,   nan,   nan
199207,289.56,454.43,178.01,280.58,436.91,174.26,247.98,391.72,157.36,331.26,484.39,200.93,333.31,495.40,204.53,337.73,521.26,212.35,   nan,   nan,   nan,   nan,   nan,   nan,   nan,   nan,   nan
199208,323.12,503.40,200.08,314.76,486.25,197.09,278.31,431.75,180.25,371.39,546.88,223.83,370.00,551.64,226.42,367.02,562.79,232.04,   nan,   nan,   nan,   nan,   nan,   nan,   nan,   nan,   nan
199209,306.81,479.94,189.22,297.99,462.26,185.80,262.57,408.07,169.72,353.22,524.32,211.31,353.38,530.54,214.90,353.72,545.14,222.68,   nan,   nan,   nan,   nan,   nan,   nan,   nan,   nan,   nan
199210,298.23,467.60,183.50,289.86,450.60,180.34,256.31,399.73,165.03,341.99,507.46,204.66,342.19,514.12,207.95,342.62,529.73,215.10,   nan,   nan,   nan,   nan,   nan,   nan,   nan,   nan,   nan
199211,306.95,480.14,189.32,299.18,463.99,186.58,265.32,412.04,171.63,351.61,521.78,210.40,350.36,525.84,213.12,347.67,535.37,219.03,   nan,   nan,   nan,   nan,   nan,   nan,   nan,   nan,   nan
199212,304.09,474.93,187.84,295.72,457.58,184.86,263.53,408.66,170.75,345.28,510.29,207.40,346.28,518.71,211.00,348.42,538.49,218.82,   nan,   nan,   nan,   nan,   nan,   nan,   nan,   nan,   nan
199301,301.97,470.74,186.87,294.28,454.57,184.26,262.99,406.15,171.06,342.26,506.63,205.27,342.24,513.55,208.14,342.19,528.12,215.25,   nan,   nan,   nan,   nan,   nan,   nan,   nan,   nan,   nan
199302,298.53,462.91,185.70,290.35,445.36,183.01,259.99,395.69,171.37,336.78,500.11,201.36,338.35,509.21,205.16,341.77,528.39,214.56,   nan,   nan,   nan,   nan,   nan,   nan,   nan,   nan,   nan
199303,338.04,529.19,208.33,328.85,509.26,205.41,297.22,458.06,193.69,376.47,562.47,223.73,379.65,575.59,228.45,386.59,603.32,240.09,   nan,   nan,   nan,   nan,   nan,   nan,   nan,   nan,   nan
199304,383.82,606.70,234.29,373.56,584.10,231.19,339.01,528.04,218.75,425.19,640.67,250.55,429.18,656.62,255.80,437.88,690.33,268.74,   nan,   nan,   nan,   nan,   nan,   nan,   nan,   nan,   nan
199305,384.44,607.39,234.77,368.69,574.52,228.93,329.02,506.83,214.51,429.64,651.18,251.68,442.83,682.16,262.01,471.54,747.64,287.45,   nan,   nan,   nan,   nan,   nan,   nan,   nan,   nan,   nan
199306,367.43,579.28,224.86,353.63,549.45,220.19,315.96,482.20,207.75,411.41,626.98,239.64,421.39,651.93,248.18,443.13,704.62,269.19,   nan,   nan,   nan,   nan,   nan,   nan,   nan,   nan,   nan
199307,383.78,604.13,235.23,370.85,575.85,231.05,332.95,507.53,219.16,428.56,653.50,249.48,436.55,674.64,257.41,453.92,719.28,276.90,   nan,   nan,   nan,   nan,   nan,   nan,   nan,   nan,   nan
199308,391.83,617.99,239.70,378.98,589.98,235.54,340.61,521.47,223.31,437.31,667.02,254.51,444.88,687.52,262.33,461.34,730.78,281.55,   nan,   nan,   nan,   nan,   nan,   nan,   nan,   nan,   nan
199309,379.08,594.62,233.16,365.73,566.86,228.25,326.69,500.54,214.04,425.62,641.73,250.64,433.89,662.84,259.02,451.87,707.54,279.51,   nan,   nan,   nan,   nan,   nan,   nan,   nan,   nan,   nan
199310,376.85,592.97,231.07,367.69,572.46,228.50,334.62,517.05,217.54,416.88,628.79,245.40,419.28,640.69,250.22,424.49,665.94,262.00,   nan,   nan,   nan,   nan,   nan,   nan,   nan,   nan,   nan
199311,321.83,504.32,198.14,315.97,490.83,196.79,289.84,448.88,188.03,354.17,529.85,210.19,353.09,534.55,212.78,350.76,544.53,219.10,   nan,   nan,   nan,   nan,   nan,   nan,   nan,   nan,   nan
199312,337.10,531.97,206.10,330.87,518.02,204.52,304.65,478.37,195.08,368.82,551.48,219.01,368.54,558.32,221.93,367.92,572.85,229.07,   nan,   nan,   nan,   nan,   nan,   nan,   nan,   nan,   nan
199401,382.50,607.81,232.32,374.22,589.88,229.88,346.07,544.59,221.21,414.41,628.20,242.61,417.70,640.15,248.23,424.95,664.70,262.98,   nan,   nan,   nan,   nan,   nan,   nan,   nan,   nan,   nan
199402,383.73,611.40,232.46,374.79,592.61,229.59,346.79,548.29,220.80,414.72,629.30,242.53,419.52,643.44,249.07,430.15,672.48,266.38,   nan,   nan,   nan,   nan,   nan,   nan,   nan,   nan,   nan
199403,370.56,594.49,222.98,359.36,571.56,218.94,328.85,524.83,207.72,404.25,613.07,236.54,412.63,634.22,244.39,431.15,677.65,265.12,   nan,   nan,   nan,   nan,   nan,   nan,   nan,   nan,   nan
199404,378.65,614.37,225.30,366.75,590.23,220.98,335.00,542.09,209.09,413.65,632.93,239.78,422.92,655.73,247.99,443.40,702.56,269.70,   nan,   nan,   nan,   nan,   nan,   nan,   nan,   nan,   nan
199405,396.42,652.41,232.47,384.97,629.60,228.39,352.44,582.01,216.03,432.75,669.35,247.94,440.63,689.77,255.51,458.02,731.68,275.50,   nan,   nan,   nan,   nan,   nan,   nan,   nan,   nan,   nan
199406,395.81,652.06,231.87,382.19,624.54,226.92,348.39,574.21,213.92,432.36,668.78,247.70,444.30,697.15,256.92,470.65,755.39,281.25,   nan,   nan,   nan,   nan,   nan,   nan,   nan,   nan,   nan
199407,387.26,637.98,226.86,373.90,611.00,222.00,338.72,556.68,208.52,426.79,662.11,243.73,437.36,687.40,252.41,460.69,739.32,275.33,   nan,   nan,   nan,   nan,   nan,   nan,   nan,   nan,   nan
199408,389.00,644.27,226.61,376.81,619.64,222.35,342.95,569.43,209.16,427.24,663.96,243.51,435.97,686.67,250.98,455.26,733.27,270.70,   nan,   nan,   nan,   nan,   nan,   nan,   nan,   nan,   nan
199409,375.37,623.13,218.14,364.76,601.61,214.60,332.42,555.27,201.62,412.79,640.92,235.51,418.86,659.42,241.26,432.24,697.50,256.34,   nan,   nan,   nan,   nan,   nan,   nan,   nan,   nan,   nan
199410,376.78,630.51,217.11,366.84,610.14,214.02,335.55,566.54,201.48,412.93,644.81,234.11,418.09,662.37,239.00,429.52,698.56,251.90,   nan,   nan,   nan,   nan,   nan,   nan,   nan,   nan,   nan
199411,361.12,602.28,208.84,353.04,585.26,206.65,323.12,543.26,194.78,397.06,618.77,225.61,398.87,630.62,228.59,402.86,654.89,236.44,   nan,   nan,   nan,   nan,   nan,   nan,   nan,   nan,   nan
199412,369.35,615.17,213.90,360.03,595.28,211.30,329.51,550.36,199.88,404.92,632.75,229.39,409.15,648.80,233.64,418.49,681.70,244.87,   nan,   nan,   nan,   nan,   nan,   nan,   nan,   nan,   nan
199501,343.74,577.57,197.39,333.22,555.53,194.04,302.64,505.49,183.57,379.00,604.01,210.61,385.85,621.56,217.12,400.21,658.45,231.75,   nan,   nan,   nan,   nan,   nan,   nan,   nan,   nan,   nan
199502,317.34,531.83,182.69,308.80,512.69,180.52,282.36,470.17,171.76,347.77,551.33,194.27,352.59,567.02,198.75,362.68,599.99,208.80,   nan,   nan,   nan,   nan,   nan,   nan,   nan,   nan,   nan
199503,311.33,520.30,179.71,304.85,504.23,178.85,280.64,465.10,171.45,339.92,537.77,190.27,341.47,548.93,192.55,344.72,572.40,197.67,   nan,   nan,   nan,   nan,   nan,   nan,   nan,   nan,   nan
199504,314.08,524.50,181.42,308.14,509.06,180.98,284.63,469.23,174.72,341.83,543.46,190.41,342.62,552.95,192.43,344.26,572.88,196.94,   nan,   nan,   nan,   nan,   nan,   nan,   nan,   nan,   nan
199505,294.88,492.45,170.33,290.78,480.37,170.79,269.67,443.79,165.79,320.64,511.15,178.12,318.70,515.51,178.58,314.65,524.68,179.61,   nan,   nan,   nan,   nan,   nan,   nan,   nan,   nan,   nan
199506,285.03,474.01,165.30,281.74,463.55,166.12,262.93,432.72,161.64,307.70,485.81,172.58,305.26,489.95,172.41,300.17,498.65,172.04,   nan,   nan,   nan,   nan,   nan,   nan,   nan,   nan,   nan
199507,315.32,526.55,182.15,311.52,515.83,182.57,290.90,485.56,176.56,339.88,533.90,191.57,337.68,538.76,191.85,333.07,548.98,192.49,   nan,   nan,   nan,   nan,   nan,   nan,   nan,   nan,   nan
199508,340.61,569.32,196.58,335.85,557.70,196.30,312.52,528.51,187.37,368.41,571.34,210.20,366.85,578.56,210.81,363.59,593.72,212.19,   nan,   nan,   nan,   nan,   nan,   nan,   nan,   nan,   nan
199509,343.95,571.12,199.77,340.34,562.03,199.98,318.37,538.82,190.74,370.32,565.43,214.37,367.04,570.63,213.84,360.19,581.55,212.66,   nan,   nan,   nan,   nan,   nan,   nan,   nan,   nan,   nan
199510,339.37,560.02,198.26,335.58,550.50,198.40,312.83,527.80,187.97,367.11,553.77,214.86,363.73,560.16,213.80,356.67,573.59,211.43,   nan,   nan,   nan,   nan,   nan,   nan,   nan,   nan,   nan
199511,353.22,588.49,204.50,349.12,578.26,204.56,326.80,555.32,195.04,379.48,580.21,219.41,377.12,587.86,219.16,372.17,603.93,218.61,   nan,   nan,   nan,   nan,   nan,   nan,   nan,   nan,   nan
199512,374.70,628.05,215.68,369.57,615.59,215.39,346.52,591.25,205.99,400.67,617.54,229.95,400.24,628.95,230.81,399.34,652.95,232.75,   nan,   nan,   nan,   nan,   nan,   nan,   nan,   nan,   nan
199601,384.94,650.57,219.71,378.28,634.51,218.97,353.69,609.01,208.62,411.90,637.06,235.40,413.95,654.65,236.86,418.15,691.98,240.00,   nan,   nan,   nan,   nan,   nan,   nan,   nan,   nan,   nan
199602,373.75,631.82,213.28,367.58,617.15,212.57,342.14,589.87,201.59,403.03,623.04,230.47,403.46,637.26,231.22,404.33,667.44,232.81,   nan,   nan,   nan,   nan,   nan,   nan,   nan,   nan,   nan
199603,391.69,665.11,222.49,385.39,649.63,222.00,358.51,619.23,210.89,422.92,658.16,239.91,422.87,672.46,240.34,422.78,702.78,241.25,   nan,   nan,   nan,   nan,   nan,   nan,   nan,   nan,   nan
199604,410.46,698.87,232.49,401.73,678.21,231.05,372.24,642.58,219.07,443.47,692.45,250.54,447.29,714.14,252.95,455.13,760.11,258.12,   nan,   nan,   nan,   nan,   nan,   nan,   nan,   nan,   nan
199605,402.64,687.32,227.45,393.42,665.80,225.73,363.72,630.11,213.39,435.79,680.76,246.08,440.50,704.05,248.78,450.16,753.44,254.57,   nan,   nan,   nan,   nan,   nan,   nan,   nan,   nan,   nan
199606,411.33,704.33,231.59,402.54,684.11,229.99,374.31,652.56,218.39,442.02,692.46,248.72,446.69,715.10,251.76,456.27,763.11,258.27,   nan,   nan,   nan,   nan,   nan,   nan,   nan,   nan,   nan
199607,382.56,654.25,215.68,375.79,638.18,214.86,348.75,608.65,203.28,413.88,646.10,233.89,414.70,661.94,234.60,416.40,695.49,236.12,   nan,   nan,   nan,   nan,   nan,   nan,   nan,   nan,   nan
199608,372.44,634.84,210.71,365.61,618.18,209.96,340.81,592.04,199.47,399.96,622.47,226.86,402.20,640.96,227.98,406.78,680.12,230.36,   nan,   nan,   nan,   nan,   nan,   nan,   nan,   nan,   nan
199609,392.09,670.89,220.94,386.83,657.24,221.07,362.53,633.69,211.02,419.69,655.99,236.82,418.92,669.90,236.44,417.34,699.33,235.64,   nan,   nan,   nan,   nan,   nan,   nan,   nan,   nan,   nan
199610,373.71,638.71,210.84,368.66,625.28,211.05,344.87,601.08,201.26,401.11,626.55,226.51,400.08,639.83,225.79,397.99,667.91,224.28,   nan,   nan,   nan,   nan,   nan,   nan,   nan,   nan,   nan
199611,377.08,646.69,211.97,374.80,638.53,213.60,355.54,626.69,205.41,398.95,622.16,225.73,394.59,630.94,222.73,385.70,649.51,216.35,   nan,   nan,   nan,   nan,   nan,   nan,   nan,   nan,   nan
199612,358.51,610.79,202.93,359.07,607.97,205.92,343.81,606.69,198.43,376.47,578.64,216.76,368.19,582.12,210.76,351.30,589.50,197.99,   nan,   nan,   nan,   nan,   nan,   nan,1000.00,1000.00,1000.00
199701,339.91,582.97,191.22,340.75,582.23,193.82,325.68,589.24,184.39,358.32,543.84,209.33,349.44,546.93,202.36,331.42,553.48,187.82,   nan,   nan,   nan,   nan,   nan,   nan,948.63,955.61,942.32
199702,342.60,584.05,193.81,344.71,584.56,197.41,330.17,590.58,188.60,361.22,547.28,211.44,349.92,547.73,202.63,327.20,548.64,184.57,   nan,   nan,   nan,   nan,   nan,   nan,957.44,958.50,956.49
199703,340.49,581.00,192.46,344.87,585.61,197.26,332.19,596.85,189.10,358.01,541.75,209.86,342.95,536.89,198.55,312.92,526.50,175.81,   nan,   nan,   nan,   nan,   nan,   nan,953.65,955.87,951.64
199704,357.90,602.21,204.90,364.60,610.82,211.05,353.56,628.21,203.00,374.24,557.98,223.00,355.24,548.34,208.95,317.53,527.75,180.93,   nan,   nan,   nan,   nan,   nan,   nan,1005.18,993.39,1015.81
199705,369.14,621.11,211.34,374.18,627.19,216.49,360.15,643.28,205.96,388.93,575.14,233.83,371.78,569.52,220.50,337.61,557.49,193.77,   nan,   nan,   nan,   nan,   nan,   nan,1035.02,1022.85,1046.01
199706,382.13,645.39,218.03,388.91,655.58,223.91,376.55,676.59,214.34,400.25,595.92,238.87,380.42,584.80,224.77,341.05,561.07,196.56,   nan,   nan,   nan,   nan,   nan,   nan,1072.91,1065.25,1079.83
199707,381.59,623.41,224.19,391.95,637.52,232.62,383.07,664.91,223.80,396.93,570.80,245.69,371.49,555.21,226.15,321.17,521.88,187.61,   nan,   nan,   nan,   nan,   nan,   nan,1075.59,1031.74,1115.17
199708,350.63,576.74,204.80,360.83,590.84,212.98,352.23,610.03,206.11,366.20,536.77,222.24,341.06,518.01,204.17,291.42,477.90,168.54,   nan,   nan,   nan,   nan,   nan,   nan,987.90,954.51,1018.04
199709,341.85,544.40,205.16,356.66,564.53,216.35,355.00,588.37,214.22,349.65,505.98,215.03,318.74,478.27,193.25,257.88,418.96,150.66,   nan,   nan,   nan,   nan,   nan,   nan,968.51,905.18,1025.65
199710,319.13,516.37,189.02,329.86,530.51,197.58,320.64,539.59,191.49,337.18,492.07,205.57,310.34,469.36,186.61,257.44,420.79,149.44,   nan,   nan,   nan,   nan,   nan,   nan,901.07,855.89,941.84
199711,311.91,487.10,190.12,326.34,505.42,201.29,324.81,522.38,199.91,319.92,458.46,198.72,289.73,431.38,177.07,230.30,373.40,134.84,   nan,   nan,   nan,   nan,   nan,   nan,885.20,810.51,952.52
199712,295.01,452.71,182.26,311.72,474.45,194.76,318.68,506.03,197.73,290.45,410.82,182.75,260.37,383.42,160.89,201.21,324.74,118.38,   nan,   nan,   nan,   nan,   nan,   nan,839.54,755.15,915.57
199801,317.02,508.52,188.05,330.60,524.18,199.89,327.86,536.06,200.19,328.13,476.58,197.20,298.90,451.50,175.52,241.18,395.55,134.99,   nan,   nan,   nan,   nan,   nan,   nan,898.04,843.73,942.92
199802,317.73,520.22,184.74,329.38,532.36,195.95,322.59,535.38,195.30,335.00,492.92,196.58,307.45,470.24,175.80,252.91,418.27,137.72,   nan,   nan,   nan,   nan,   nan,   nan,897.89,861.18,924.93
199803,316.13,516.41,184.22,328.97,531.75,195.68,324.21,544.07,195.02,330.57,483.20,196.36,301.64,458.70,174.63,244.47,403.63,133.86,   nan,   nan,   nan,   nan,   nan,   nan,895.13,856.76,923.84
199804,310.34,497.18,184.30,324.02,514.01,195.81,323.10,534.11,196.05,318.08,459.02,193.34,289.79,435.01,172.35,233.91,381.35,133.36,   nan,   nan,   nan,   nan,   nan,   nan,879.79,825.78,924.46
199805,310.95,498.13,184.66,324.56,515.13,196.06,321.89,532.20,195.29,322.12,463.05,197.14,292.77,437.72,175.55,234.84,381.60,135.29,   nan,   nan,   nan,   nan,   nan,   nan,881.71,827.60,926.45
199806,314.44,507.11,185.54,328.28,524.97,197.06,326.90,544.51,197.49,323.18,469.77,193.92,294.24,443.87,173.23,237.09,386.57,135.16,   nan,   nan,   nan,   nan,   nan,   nan,891.77,842.79,931.23
199807,324.38,518.10,193.19,338.76,536.18,205.11,337.04,556.29,204.69,334.08,479.67,204.87,303.79,453.50,182.71,243.99,395.50,141.62,   nan,   nan,   nan,   nan,   nan,   nan,920.11,860.72,969.75
199808,287.15,457.27,171.50,299.52,472.73,181.77,295.81,488.26,179.64,299.74,425.06,187.73,272.27,401.99,167.35,218.05,350.79,129.48,   nan,   nan,   nan,   nan,   nan,   nan,814.42,759.53,860.69
199809,271.69,430.60,162.98,284.23,446.93,173.02,279.72,456.77,170.89,286.40,406.63,179.03,257.80,380.47,158.58,201.49,324.11,119.67,   nan,   nan,   nan,   nan,   nan,   nan,771.49,716.47,818.37
199810,266.67,432.69,156.43,279.60,452.70,166.08,274.99,469.74,163.70,282.08,404.90,173.06,252.47,375.41,153.04,194.22,313.02,114.70,   nan,   nan,   nan,   nan,   nan,   nan,757.65,721.69,785.49
199811,293.37,473.22,173.08,306.98,492.59,183.75,303.63,516.07,181.28,306.30,435.72,190.84,276.31,409.07,168.93,217.21,351.17,127.10,   nan,   nan,   nan,   nan,   nan,   nan,832.85,787.73,869.08
199812,281.11,453.74,165.74,294.48,474.11,175.77,291.34,501.35,172.67,293.67,414.82,185.17,264.21,388.05,164.06,206.20,330.40,123.89,   nan,   nan,   nan,   nan,   nan,   nan,798.89,757.29,831.95
199901,289.00,467.89,169.90,302.55,489.06,179.99,300.42,522.06,177.05,299.51,423.17,188.79,270.42,396.95,168.09,213.18,340.12,130.01,   nan,   nan,   nan,   nan,   nan,   nan,821.42,781.36,852.75
199902,287.83,463.12,170.21,300.85,483.33,179.88,298.78,515.24,176.86,297.72,418.90,188.94,269.90,393.86,169.73,215.26,339.24,136.83,   nan,   nan,   nan,   nan,   nan,   nan,816.93,771.57,853.51
199903,326.43,525.62,192.90,341.06,549.09,203.57,339.43,590.06,199.99,336.08,471.34,214.41,305.32,443.69,193.52,244.91,383.21,159.36,   nan,   nan,   nan,   nan,   nan,   nan,926.26,875.74,966.83
199904,342.87,554.53,201.77,356.42,574.24,212.61,353.60,611.44,208.99,353.45,498.34,223.53,324.61,475.03,202.98,268.21,421.90,171.59,   nan,   nan,   nan,   nan,   nan,   nan,970.42,920.00,1010.46
199905,334.10,533.95,198.82,347.74,552.44,209.81,344.97,583.34,206.49,344.88,484.16,219.66,315.76,460.81,198.51,258.74,407.90,164.34,   nan,   nan,   nan,   nan,   nan,   nan,946.45,886.42,996.15
199906,366.67,574.31,222.24,379.85,589.52,233.47,380.12,634.94,229.10,370.11,504.56,246.86,344.49,490.88,226.46,294.73,455.13,199.68,   nan,   nan,   nan,   nan,   nan,   nan,1036.26,948.84,1112.11
199907,382.94,595.56,233.58,397.83,613.38,245.76,403.28,679.95,241.79,377.28,506.25,257.62,351.35,495.41,235.33,301.01,464.80,203.95,   nan,   nan,   nan,   nan,   nan,   nan,1082.99,984.67,1169.14
199908,373.80,583.59,227.22,387.06,600.26,238.03,385.45,659.06,229.27,380.91,501.57,267.13,353.94,490.03,244.58,301.54,458.26,213.92,   nan,   nan,   nan,   nan,   nan,   nan,1055.79,963.42,1136.32
199909,384.53,593.53,236.10,399.03,613.55,247.01,400.51,679.53,239.29,386.39,506.99,272.30,358.77,492.54,251.36,305.06,455.34,227.15,   nan,   nan,   nan,   nan,   nan,   nan,1087.00,981.07,1180.60
199910,393.47,591.26,247.14,410.73,615.91,259.05,413.88,678.39,252.04,394.50,512.57,281.72,361.69,489.73,259.03,297.52,437.12,230.50,   nan,   nan,   nan,   nan,   nan,   nan,1114.55,979.97,1236.10
199911,410.74,588.64,267.86,431.00,618.59,280.32,444.88,717.54,273.25,392.84,479.77,303.01,360.47,460.93,280.53,297.19,416.29,256.36,   nan,   nan,   nan,   nan,   nan,   nan,1166.76,978.46,1340.69
199912,436.44,590.57,296.69,462.26,627.13,311.81,486.60,759.72,303.88,402.41,455.18,337.24,364.49,437.31,307.54,290.05,394.95,264.80,100.00,100.00,100.00,100.00,100.00,100.00,1244.83,986.59,1486.98
200001,433.79,606.08,286.75,457.46,641.89,300.52,472.28,760.61,289.41,420.31,483.95,342.59,380.57,462.39,313.67,302.51,412.26,275.45,104.09,104.28,103.61,104.59,104.52,104.93,1235.66,1011.95,1435.76
200002,438.55,575.51,305.76,462.83,605.89,320.52,483.81,724.07,309.56,410.98,450.30,360.89,374.53,437.76,330.79,303.36,406.15,292.03,104.52,102.71,109.33,104.68,102.99,112.38,1249.42,958.89,1531.08
200003,438.02,609.02,290.81,461.21,642.46,304.75,481.81,771.00,296.43,410.26,474.04,332.53,376.35,459.83,306.91,310.55,424.52,279.90,107.16,107.94,105.06,107.47,107.54,107.18,1248.09,1016.85,1456.70
200004,425.25,602.47,277.57,448.80,639.72,291.06,465.24,764.30,281.54,407.78,475.62,325.51,369.43,453.74,298.27,294.01,402.89,262.86,103.02,103.83,100.84, 99.51,100.31, 95.90,1213.52,1008.72,1391.75
200005,398.92,604.86,243.57,417.38,638.15,254.41,421.38,740.65,243.58,406.07,497.55,297.24,370.80,474.61,275.08,302.01,421.33,253.94,105.91,109.27, 97.07,102.06,103.95, 93.61,1135.50,1011.23,1219.75
200006,419.83,647.87,251.56,437.35,678.95,262.72,436.63,776.60,250.24,437.16,541.44,313.49,401.24,520.29,289.18,331.62,470.03,263.03,115.67,121.73, 99.76,112.53,115.64, 98.61,1193.70,1081.65,1259.51
200007,384.31,601.57,226.67,400.65,631.91,236.94,399.35,717.71,227.12,402.01,509.32,275.45,367.84,485.52,254.28,301.38,430.41,232.07,104.50,110.94, 87.59,103.15,106.56, 87.93,1092.51,1004.47,1134.98
200008,399.37,614.05,240.24,415.68,641.80,251.02,414.96,725.43,240.79,415.60,521.03,290.94,382.31,500.72,269.22,317.96,452.43,248.41,110.75,117.25, 93.72,108.11,111.21, 94.21,1135.10,1024.33,1202.84
200009,386.90,604.70,228.67,402.95,633.58,239.13,398.49,709.48,228.35,411.70,521.32,282.40,375.96,496.57,259.46,306.30,439.38,231.66,106.38,113.93, 86.56,104.54,107.87, 89.66,1099.59,1009.25,1144.86
200010,362.84,588.68,205.30,378.97,622.26,214.98,373.21,704.14,204.50,390.94,504.21,257.85,353.38,473.80,234.93,279.44,405.46,201.42, 97.36,105.98, 74.67, 94.93, 98.45, 79.24,1032.38,985.76,1028.09
200011,359.20,583.93,202.76,373.87,612.95,212.44,364.53,674.51,202.87,394.42,516.94,250.86,357.81,487.08,228.60,286.01,419.67,196.10, 99.93,110.37, 72.45, 96.75,101.03, 77.70,1021.28,976.43,1015.51
200012,342.07,571.34,186.64,356.17,602.23,195.51,344.32,664.41,185.19,382.80,506.10,238.54,345.30,473.40,216.35,271.38,400.44,181.31, 94.56,105.26, 66.38, 92.19, 96.47, 73.14,972.61,956.56,934.48
200101,345.91,573.67,189.98,360.04,603.94,198.96,350.13,671.29,189.06,381.58,502.27,239.64,345.72,472.35,218.10,275.44,405.23,185.68, 95.36,106.13, 66.96, 94.46, 98.07, 77.74,983.25,960.03,950.85
200102,331.24,564.79,177.21,342.72,590.56,185.10,329.27,642.58,175.87,373.63,505.72,223.02,341.72,478.15,205.27,280.11,415.94,183.51, 95.67,107.72, 65.31, 97.95,102.06, 79.26,939.24,942.40,886.08
200103,342.92,578.30,185.47,354.61,602.32,193.97,340.08,649.64,184.11,388.12,521.76,234.63,355.12,495.43,214.64,291.40,435.57,186.91, 98.83,112.22, 66.05,102.90,107.56, 82.07,971.74,963.17,927.38
200104,365.49,623.43,195.53,377.17,646.97,204.58,358.00,684.72,193.66,422.68,574.79,250.15,386.59,545.69,227.95,316.87,479.55,195.12,107.69,124.19, 69.14,111.58,117.69, 85.14,1035.33,1037.83,977.91
200105,352.11,599.29,188.77,362.67,620.51,197.15,344.25,656.87,186.49,406.42,551.13,241.80,373.60,525.54,221.91,310.76,466.93,195.99,105.59,120.85, 69.16,109.45,114.67, 86.33,996.75,996.78,943.57
200106,349.30,607.11,183.43,358.55,625.98,191.51,337.94,657.15,180.95,408.19,562.01,235.91,377.09,538.58,216.68,318.16,484.32,192.02,107.97,125.67, 67.58,112.25,118.57, 85.07,987.66,1008.53,916.74
200107,320.43,566.53,165.36,328.48,584.02,172.56,306.24,602.81,162.71,382.86,535.65,214.34,352.78,510.33,196.91,295.48,452.46,174.65,100.83,118.34, 61.65,103.45,109.69, 76.88,905.89,941.66,826.32
200108,298.20,549.38,147.15,304.42,565.54,153.30,280.95,587.00,143.41,362.43,515.13,196.32,335.66,493.06,180.60,285.22,442.12,161.15, 96.05,114.53, 56.01,101.71,108.47, 73.36,841.31,911.97,734.68
200109,275.08,500.21,137.74,280.79,513.87,143.52,258.94,525.35,134.88,334.88,477.00,180.58,310.07,455.79,166.57,263.33,407.07,150.32, 89.27,106.28, 52.30, 93.05, 98.90, 68.27,776.19,829.99,687.76
200110,285.20,509.73,145.51,290.78,521.67,151.48,267.67,528.16,142.00,348.04,489.88,192.44,322.91,469.78,177.84,275.80,423.24,161.77, 92.97,109.58, 56.13, 98.23,103.90, 73.89,804.29,844.32,726.39
200111,285.47,491.86,151.23,292.72,504.80,158.04,273.97,516.03,149.58,338.44,468.62,193.44,312.28,448.60,177.13,262.61,402.40,154.85, 88.87,104.39, 54.22, 93.01, 98.55, 69.38,806.68,815.56,755.89
200112,281.77,483.49,149.87,290.08,498.85,156.99,271.94,508.01,149.19,334.20,465.22,188.99,305.47,440.39,171.84,249.93,384.30,145.54, 84.99,100.20, 51.28, 87.93, 93.53, 64.31,797.39,803.32,749.66
200201,266.08,460.30,140.39,273.40,473.87,146.95,254.78,479.17,139.22,319.01,445.64,179.13,292.12,422.59,163.03,240.29,370.36,138.69, 80.89, 95.63, 48.42, 85.72, 91.23, 62.51,752.05,763.51,701.91
200202,277.77,482.32,146.01,284.58,492.67,153.11,264.76,496.58,144.88,332.80,464.51,187.11,306.23,445.18,169.37,254.55,396.90,141.01, 85.55,102.31, 49.42, 91.19, 98.13, 62.64,784.81,799.22,730.33
200203,291.00,503.16,153.62,298.81,516.11,161.07,280.12,526.93,153.05,345.87,481.66,195.07,317.91,460.58,176.95,263.64,409.13,148.56, 88.57,105.17, 52.30, 94.53,101.76, 64.84,822.56,834.18,768.52
200204,297.40,512.26,157.59,305.18,524.47,165.16,284.29,531.31,155.86,356.31,492.56,203.03,327.01,471.15,183.85,270.30,418.75,153.26, 90.88,107.73, 53.95, 96.74,103.98, 66.90,840.86,849.61,788.39
200205,308.01,540.54,160.17,314.50,552.03,167.33,291.38,558.70,157.61,369.89,518.83,206.52,341.93,498.01,188.47,286.98,445.05,162.11, 96.54,114.61, 57.04,102.57,110.26, 70.87,870.34,896.44,801.07
200206,282.77,496.69,146.91,287.88,505.04,153.23,265.38,504.07,144.27,340.89,479.94,189.31,316.19,461.67,173.46,267.22,413.97,151.53, 89.89,106.62, 53.25, 95.53,102.52, 66.60,798.44,822.79,734.53
200207,265.34,474.02,135.44,268.10,477.80,140.84,246.31,479.16,132.19,318.88,452.35,175.16,299.60,441.42,161.58,259.90,404.64,144.77, 86.85,103.65, 50.49, 94.41,101.42, 65.50,747.99,783.69,676.82
200208,259.39,462.48,132.67,262.31,465.53,138.29,241.39,465.18,130.21,311.32,441.98,170.81,292.23,431.68,156.81,253.05,396.23,138.01, 84.77,101.91, 48.15, 91.37, 98.44, 62.36,731.29,764.48,663.20
200209,254.69,462.00,127.87,256.89,464.03,133.42,235.38,460.45,125.93,306.62,442.96,163.94,288.68,433.09,150.28,251.47,398.14,131.49, 84.64,103.27, 45.75, 89.77, 97.07, 60.02,718.20,764.35,639.48
200210,239.16,428.77,121.60,241.50,428.69,127.29,223.22,420.04,121.94,284.96,413.20,151.52,268.74,405.12,138.55,234.86,373.99,120.06, 79.38, 97.48, 41.99, 82.95, 90.18, 53.74,674.62,709.10,608.39
200211,247.15,436.62,127.62,251.53,440.87,133.96,232.29,430.71,127.87,297.12,425.90,160.72,275.99,411.24,145.62,233.93,370.95,121.59, 79.54, 97.08, 42.95, 81.40, 88.61, 52.32,698.53,723.89,638.96
200212,233.98,418.48,119.39,237.62,422.12,125.21,217.19,405.38,119.08,284.71,414.48,151.25,264.40,398.39,137.17,223.98,356.69,114.98, 76.03, 93.44, 40.33, 78.21, 85.04, 50.51,661.09,693.71,597.71
200301,227.80,413.70,114.51,230.53,416.21,119.89,208.40,394.45,113.30,280.33,413.68,146.50,260.92,397.43,133.10,222.16,355.55,112.40, 74.80, 92.47, 39.07, 78.95, 85.99, 50.64,642.88,684.85,572.93
200302,227.26,417.53,112.90,228.55,415.86,118.09,205.17,391.94,110.92,280.49,415.41,145.94,263.42,404.61,132.59,228.72,370.05,111.93, 76.61, 95.65, 38.95, 82.16, 90.58, 50.27,640.57,689.87,564.77
200303,219.62,404.77,108.75,219.40,398.73,113.48,195.62,369.37,106.51,271.65,404.47,140.40,257.60,398.30,128.28,228.34,370.54,110.72, 76.15, 95.35, 38.42, 82.77, 91.47, 50.12,618.12,667.33,543.66
200304,220.94,410.08,108.60,219.21,400.71,112.82,193.69,366.58,105.31,274.55,410.89,141.00,262.72,407.87,129.95,237.26,384.05,115.95, 78.71, 98.15, 40.16, 86.93, 96.02, 52.75,621.12,674.96,542.73
200305,231.90,427.66,114.75,230.06,416.53,119.37,203.80,383.22,111.25,287.22,425.05,149.58,275.17,424.84,137.35,249.11,404.16,120.85, 82.13,102.48, 41.84, 92.40,102.52, 55.04,651.60,703.01,573.47
200306,250.29,464.54,123.03,248.06,451.95,128.03,219.53,417.22,119.06,310.05,459.85,161.03,297.49,460.93,147.63,270.12,440.33,129.10, 88.87,111.27, 44.84,100.62,112.38, 58.28,703.17,763.45,614.98
200307,260.87,482.60,128.67,259.60,473.07,133.96,230.06,441.36,124.05,323.93,476.88,169.77,308.63,474.33,155.20,276.29,448.03,134.27, 90.86,112.86, 46.84,103.03,114.98, 59.87,733.36,793.91,643.26
200308,278.20,517.31,136.49,277.24,508.91,142.20,244.14,473.90,130.68,348.73,513.86,182.57,330.52,507.98,166.20,292.64,475.42,141.38, 96.20,119.80, 49.27,109.19,121.95, 63.25,782.34,851.90,682.20
200309,283.70,534.42,137.29,281.82,525.56,142.60,243.73,480.34,129.20,362.38,539.38,187.41,343.04,530.06,171.01,302.95,491.63,146.87, 98.94,123.53, 50.31,114.48,126.75, 68.79,797.50,880.56,685.61
200310,291.73,553.45,140.11,288.93,544.72,144.80,245.45,493.44,128.42,379.41,563.28,196.83,358.69,551.21,180.40,315.89,507.92,157.68,102.91,127.14, 53.87,119.95,131.81, 74.35,818.97,910.64,698.93
200311,280.39,530.85,134.96,279.35,527.15,139.88,241.49,484.44,126.53,359.40,538.48,184.36,338.37,522.35,168.95,295.37,474.79,147.56, 97.05,120.22, 50.42,110.33,120.73, 69.54,788.32,875.58,673.56
200312,292.59,559.39,139.38,291.87,557.50,144.51,250.63,512.64,129.18,379.03,569.05,194.01,354.98,548.60,176.98,305.97,493.13,151.94,100.82,125.19, 52.14,113.56,124.76, 70.78,823.11,923.77,695.79
200401,294.80,562.13,140.83,292.96,557.36,145.60,251.98,511.68,130.68,379.60,570.05,194.24,358.43,554.25,178.56,315.05,505.86,157.78,103.13,127.31, 53.97,118.63,130.20, 74.15,828.20,926.53,702.41
200402,303.47,587.55,142.61,301.34,582.25,147.57,258.76,534.19,132.31,391.34,595.99,197.20,369.85,579.85,180.87,325.77,529.85,158.47,106.61,133.53, 54.16,122.73,136.00, 74.64,852.55,968.68,711.41
200403,331.89,651.53,153.59,327.10,642.36,157.66,278.92,590.24,139.50,428.93,656.28,215.02,410.16,644.81,199.83,371.19,599.41,183.53,120.68,150.22, 62.10,141.80,155.53, 88.80,930.50,1072.49,764.53
200404,335.02,657.03,155.21,328.38,643.82,158.54,281.41,595.74,140.69,427.67,652.05,215.24,414.22,649.81,202.40,385.61,618.71,193.40,124.03,153.71, 64.40,150.61,163.22, 97.41,937.64,1079.58,771.28
200405,322.34,637.16,148.01,316.76,625.92,151.73,269.81,572.66,134.58,415.98,642.88,206.18,399.86,634.49,192.31,366.12,594.38,178.88,118.59,148.71, 60.10,140.96,154.72, 88.12,903.42,1048.55,736.60
200406,337.46,671.01,153.90,329.47,655.55,156.71,278.35,597.28,137.43,437.44,676.71,216.58,424.32,673.12,204.16,396.33,638.99,196.68,128.27,159.81, 65.89,152.85,166.46, 97.58,944.68,1103.51,764.72
200407,323.23,648.26,145.94,316.21,633.87,149.26,269.28,581.36,132.19,415.41,649.12,203.28,402.74,646.63,190.49,375.77,615.37,179.97,121.51,153.79, 60.40,145.17,160.53, 88.89,905.17,1066.04,725.94
200408,319.45,638.42,144.84,312.46,623.74,148.12,265.42,570.60,130.82,411.84,640.74,202.57,399.02,638.46,189.66,371.78,607.90,178.70,119.87,151.50, 59.76,144.50,159.42, 89.05,894.29,1049.32,720.27
200409,312.84,623.98,142.17,306.29,608.57,145.91,259.43,552.57,128.97,405.30,630.74,199.28,391.47,628.33,185.24,362.27,597.98,170.33,116.56,148.97, 56.73,141.43,156.94, 85.76,875.94,1025.38,707.37
200410,308.33,616.06,139.83,302.47,602.63,143.68,256.83,550.59,126.92,398.91,620.01,196.44,384.23,616.13,182.07,353.38,583.94,165.72,113.31,144.80, 55.17,138.92,154.59, 83.54,863.31,1012.21,695.90
200411,312.78,626.87,141.34,307.20,615.17,145.16,259.31,558.87,127.51,408.30,637.19,200.11,391.48,628.10,185.35,356.34,587.07,168.32,114.53,146.02, 56.05,139.40,154.53, 84.75,876.17,1030.90,703.44
200412,327.55,657.04,147.87,321.76,644.13,152.08,272.61,587.58,134.03,425.34,663.47,208.56,408.29,656.48,192.78,372.73,618.18,173.86,119.92,154.04, 57.91,145.54,162.19, 87.51,917.76,1080.73,736.19
200501,326.12,655.45,146.92,317.71,636.48,150.06,264.42,568.74,130.26,430.98,674.00,210.74,417.56,672.57,196.72,389.82,643.68,183.34,124.47,159.34, 60.48,154.36,170.85, 94.16,911.52,1075.38,729.74
200502,335.45,677.43,150.34,326.65,656.93,153.69,272.42,587.09,133.95,441.83,695.52,214.50,428.84,695.84,200.13,402.06,669.22,186.24,127.76,165.01, 61.08,160.63,178.85, 96.75,937.13,1110.69,746.55
200503,339.00,690.88,150.40,329.00,666.88,153.57,273.24,593.43,133.39,447.60,709.96,215.46,436.59,715.00,201.29,414.20,696.37,188.15,131.51,171.79, 61.57,165.72,185.94, 98.19,946.16,1131.41,746.49
200504,324.71,661.72,144.07,314.28,636.87,146.74,261.55,567.41,127.82,426.34,676.95,204.98,418.44,685.78,192.74,402.74,675.27,183.92,127.33,165.93, 59.88,162.37,181.53, 96.94,905.43,1082.71,714.34
200505,329.62,671.53,146.29,319.99,648.13,149.49,268.07,579.90,131.34,430.05,685.18,205.96,420.75,691.87,192.93,402.00,677.19,181.89,127.40,167.28, 59.07,161.37,180.40, 96.36,920.08,1100.21,725.92
200506,339.34,691.43,150.58,328.73,666.03,153.52,274.25,595.67,133.86,444.41,704.50,214.07,435.87,713.80,200.96,418.81,703.08,190.81,132.52,173.41, 61.84,168.60,187.81,101.46,946.79,1132.56,746.69
200507,346.94,706.21,154.13,335.50,678.55,156.97,280.05,605.50,137.28,453.24,719.82,217.86,446.19,731.99,205.24,432.43,725.82,197.08,136.87,179.65, 63.50,174.00,192.70,106.00,967.69,1156.67,763.83
200508,365.92,747.12,162.01,355.66,722.08,165.76,297.20,647.77,144.60,479.71,760.73,230.98,467.69,767.12,215.18,443.20,748.93,199.29,141.42,186.73, 64.87,175.72,196.32,105.08,1022.52,1226.04,804.33
200509,408.98,837.81,180.39,400.03,816.22,185.47,335.81,735.03,162.73,535.92,855.45,256.10,516.91,851.37,236.50,477.45,810.61,212.66,153.57,203.05, 70.26,186.51,210.71,108.85,1145.34,1377.84,897.66
200510,418.01,863.37,182.66,406.51,836.18,186.91,339.46,749.05,163.22,548.83,882.54,260.05,534.34,885.94,242.28,504.69,857.55,224.44,161.98,214.80, 73.68,197.96,222.94,116.36,1169.22,1418.72,907.59
200511,445.69,906.37,198.20,434.09,878.02,203.08,364.83,794.57,177.64,580.59,914.16,281.76,565.08,921.66,261.92,533.33,899.34,240.84,170.70,224.61, 78.83,210.26,235.02,125.61,1246.76,1489.23,984.86
200512,479.46,953.90,217.69,464.95,918.47,222.02,388.00,825.85,192.32,628.39,964.11,313.11,615.03,980.06,292.81,587.69,971.05,273.75,187.26,241.22, 89.21,233.80,256.40,144.16,1339.02,1563.84,1080.00
200601,496.99,996.88,223.93,482.62,961.36,228.82,405.14,869.92,199.47,646.65,1001.04,319.34,632.81,1017.56,298.21,604.51,1008.13,277.71,192.78,250.07, 90.93,240.08,266.94,144.72,1388.70,1634.63,1112.08
200602,483.02,977.70,215.78,472.65,950.71,222.21,400.41,862.68,196.63,624.72,986.45,302.28,604.49,988.82,279.24,562.99,954.29,252.22,180.54,238.69, 82.79,221.10,248.67,130.71,1352.83,1607.74,1073.80
200603,505.86,1021.48,226.49,494.36,991.88,232.92,417.16,899.03,204.81,657.27,1030.66,320.31,636.53,1035.30,296.00,594.00,1003.13,267.66,191.08,251.42, 88.26,231.77,260.33,137.31,1416.88,1679.76,1127.16
200604,501.88,1020.49,223.23,491.57,993.54,230.13,418.76,907.35,204.73,644.33,1022.37,310.19,623.81,1025.40,286.50,581.71,990.66,258.66,187.58,249.14, 85.41,225.85,255.38,132.27,1406.90,1679.92,1111.78
200605,461.88,942.93,204.65,453.47,918.63,211.87,385.14,830.68,188.97,597.08,957.42,284.27,574.46,954.92,260.32,527.95,912.68,229.07,170.67,229.70, 76.12,203.90,234.93,115.47,1295.79,1552.67,1020.63
200606,464.28,943.86,206.55,457.33,923.47,214.28,391.09,840.45,192.43,595.91,954.52,284.04,571.21,947.20,259.61,520.36,896.33,227.13,168.31,226.25, 75.21,200.74,229.37,115.43,1303.65,1556.38,1030.36
200607,459.04,935.48,203.74,455.44,921.23,213.07,394.82,848.92,194.18,580.92,936.82,274.89,551.89,923.39,248.10,492.05,862.14,208.69,160.12,219.08, 69.53,187.38,217.63,104.58,1291.74,1545.73,1018.73
200608,477.78,971.69,212.47,473.54,956.45,221.82,410.06,881.90,201.64,605.06,971.84,287.57,575.81,959.01,260.32,515.52,897.45,221.07,168.09,228.36, 73.85,195.48,225.91,110.10,1344.36,1605.40,1062.26
200609,473.02,961.09,210.55,469.01,946.10,219.94,404.63,869.51,199.09,602.81,965.49,287.37,572.20,951.24,259.27,509.08,887.32,217.85,166.40,225.96, 73.16,192.01,223.01,107.16,1331.38,1588.21,1053.05
200610,475.53,961.80,212.58,472.98,951.43,222.35,411.15,885.35,201.98,600.67,954.96,288.63,568.30,937.25,260.01,501.50,867.34,217.40,164.12,220.74, 73.25,188.66,218.24,106.07,1339.51,1591.00,1063.75
200611,471.44,952.96,210.87,469.52,943.03,221.01,409.10,879.72,201.19,594.01,943.34,285.76,561.06,926.22,256.39,493.01,857.86,211.57,161.96,218.95, 71.71,183.93,214.60,101.78,1328.80,1576.93,1056.08
200612,494.61,1001.49,220.86,494.08,994.51,232.12,433.29,935.87,212.41,619.28,985.51,297.15,582.99,964.87,265.45,508.29,888.58,216.20,167.15,226.82, 73.54,189.25,222.24,103.04,1395.12,1658.48,1106.92
200701,506.48,1035.51,223.95,505.38,1029.07,234.95,444.43,972.73,215.80,630.87,1014.76,298.61,595.96,993.83,268.43,523.86,915.85,222.80,172.31,233.86, 75.80,194.94,228.93,106.13,1428.48,1715.26,1122.23
200702,515.30,1064.61,225.41,514.76,1059.75,236.88,453.27,1007.71,217.56,641.35,1038.15,301.10,604.84,1016.03,269.53,529.54,935.01,220.90,174.31,238.78, 75.46,196.78,233.68,104.10,1453.86,1763.94,1130.29
200703,507.05,1054.33,220.30,506.35,1049.15,231.60,444.47,993.63,212.45,633.76,1032.35,295.07,597.26,1009.48,263.74,522.06,927.37,215.18,171.64,236.14, 73.75,194.47,232.95,100.51,1430.60,1746.68,1105.05
200704,503.41,1043.62,219.41,502.94,1036.04,231.30,440.28,976.45,211.71,631.96,1024.91,295.94,594.36,1004.55,262.47,517.01,927.23,209.01,170.57,237.20, 71.90,191.24,231.01, 96.62,1421.05,1729.10,1101.53
200705,519.14,1070.91,227.44,521.37,1069.70,240.68,463.01,1021.72,223.48,641.39,1042.60,299.46,600.53,1015.94,264.83,516.78,926.69,208.98,171.05,237.49, 72.32,189.87,230.13, 95.02,1467.26,1776.83,1142.87
200706,525.64,1082.12,230.76,527.15,1077.45,244.21,466.00,1022.68,225.83,652.96,1057.58,306.29,611.92,1033.94,270.34,527.75,949.43,211.99,173.52,242.01, 72.77,196.57,238.07, 98.60,1484.74,1793.87,1159.16
200707,505.44,1038.96,222.25,506.66,1032.78,235.30,446.90,978.43,216.95,629.66,1015.89,296.84,590.07,995.32,261.35,508.87,917.93,203.28,166.91,232.98, 69.90,190.46,231.91, 94.11,1427.23,1720.99,1116.47
200708,477.06,972.83,211.48,479.55,967.71,224.77,420.36,905.83,206.43,601.42,964.52,285.70,558.93,939.77,248.72,472.24,857.01,186.28,155.32,218.15, 64.31,175.76,215.39, 85.27,1348.25,1612.34,1063.40
200709,482.60,985.37,213.67,486.40,983.48,227.57,426.67,928.72,208.01,609.38,970.87,291.89,563.45,943.39,252.26,469.97,855.48,184.18,154.65,218.24, 63.48,174.74,214.18, 84.73,1364.74,1634.62,1074.74
200710,484.16,985.57,215.01,486.74,982.94,227.98,425.52,928.47,207.08,612.82,970.04,295.89,568.76,943.92,257.85,478.94,858.48,193.79,157.97,219.65, 66.60,177.24,213.80, 89.84,1368.63,1635.10,1080.52
200711,457.57,930.21,203.47,460.79,929.43,216.06,403.61,882.75,196.08,578.53,911.64,280.87,535.51,886.01,243.82,447.92,803.77,180.83,148.22,206.32, 62.37,164.64,199.01, 83.00,1294.21,1544.09,1023.12
200712,441.47,904.03,194.79,445.61,905.99,207.35,390.38,867.31,187.01,559.32,878.82,272.40,515.32,852.88,234.53,426.85,771.89,169.78,141.33,198.25, 58.73,156.71,190.92, 77.24,1248.98,1501.17,979.74
200801,401.28,835.08,173.95,404.69,836.63,185.22,356.18,801.77,168.57,504.27,810.28,239.59,466.55,787.30,206.93,389.82,713.92,151.20,129.37,184.55, 52.26,142.41,174.57, 68.94,1135.05,1387.10,874.56
200802,395.48,815.99,173.06,398.56,816.60,184.05,351.44,778.05,168.89,495.17,797.45,234.66,459.22,774.03,204.00,385.60,700.69,151.91,127.65,180.22, 52.48,141.62,172.87, 69.42,1118.16,1354.50,869.80
200803,365.77,755.43,159.90,366.04,747.42,169.60,319.40,701.87,154.52,462.26,744.78,218.95,432.57,732.71,190.89,369.92,677.86,143.33,122.44,174.55, 49.52,135.91,166.91, 65.44,1033.44,1252.48,803.48
200804,408.71,849.50,177.41,412.66,851.57,189.22,367.91,819.42,175.84,503.76,819.99,235.85,468.04,797.56,204.86,394.43,724.34,152.14,131.78,188.49, 52.99,142.06,175.02, 67.75,1156.70,1412.20,892.20
200805,423.80,870.90,186.28,427.73,869.28,199.09,381.99,838.47,184.98,520.72,834.14,248.25,484.65,819.05,214.53,409.90,755.43,156.95,135.89,194.88, 54.39,150.10,185.41, 71.01,1198.84,1446.16,936.75
200806,397.36,820.48,173.75,400.26,815.94,185.76,358.00,789.92,172.56,486.10,778.76,231.71,454.62,771.64,200.06,388.34,722.01,145.97,128.43,185.73, 50.65,142.92,178.10, 65.78,1123.24,1360.63,873.77
200807,391.76,818.69,169.03,394.24,814.23,180.62,352.66,789.37,167.78,478.69,775.53,225.32,448.64,768.92,194.80,384.87,720.17,142.67,127.46,185.91, 49.49,141.24,176.54, 64.38,1107.53,1358.33,850.04
200808,377.71,791.61,162.44,380.09,787.08,173.68,339.17,762.86,160.65,463.32,749.94,218.32,433.70,743.84,188.12,371.11,697.12,136.39,123.68,181.16, 47.64,134.39,168.87, 60.20,1068.31,1314.09,817.28
200809,328.90,710.46,136.55,329.80,706.36,145.52,291.63,686.66,132.09,407.93,670.08,188.99,382.82,665.83,162.79,329.30,625.76,117.90,109.87,163.16, 41.22,118.96,150.68, 51.88,929.89,1179.42,686.88
200810,262.58,568.06,108.81,260.91,555.17,115.93,231.39,531.21,107.48,321.23,538.90,145.14,307.61,548.01,126.23,275.37,533.55, 94.14, 90.48,136.78, 32.75,102.73,132.44, 42.08,740.80,939.73,547.11
200811,253.27,548.12,104.91,249.37,529.34,111.08,213.78,487.29, 99.99,323.27,541.56,146.31,309.76,550.96,127.42,277.63,536.77, 95.41, 91.10,137.56, 33.06,103.85,133.31, 43.20,713.68,905.36,527.06
200812,260.86,560.64,108.76,256.98,540.04,115.36,218.65,489.77,103.26,336.16,559.22,153.36,320.93,568.57,132.77,285.21,553.35, 97.11, 93.45,142.08, 33.36,106.99,136.99, 44.92,734.91,925.40,546.44
200901,241.10,528.87, 98.58,236.99,510.93,104.27,201.20,471.24, 92.65,310.82,521.90,140.30,297.71,530.98,121.97,266.58,517.35, 90.70, 86.41,131.55, 30.75,101.97,130.15, 43.28,678.76,872.54,495.09
200902,229.84,513.78, 92.24,226.34,500.16, 97.59,191.64,468.34, 85.98,297.83,504.50,133.07,284.01,509.68,115.31,251.73,490.67, 84.64, 81.70,125.11, 28.67, 96.07,122.89, 40.47,647.26,848.80,463.11
200903,237.32,536.28, 94.19,232.89,519.83, 99.56,193.60,472.80, 86.90,313.00,537.05,137.72,298.46,541.35,119.24,264.50,519.15, 87.24, 86.36,133.15, 29.80, 99.86,128.77, 40.90,668.16,885.84,472.90
200904,256.76,597.20, 98.84,253.14,586.98,104.62,213.51,553.02, 92.19,334.55,588.98,142.57,317.93,587.39,123.42,279.52,552.76, 90.25, 91.53,142.43, 30.87,104.97,136.05, 42.18,723.72,988.96,496.43
200905,275.10,637.27,106.37,270.23,622.32,112.38,226.36,570.78, 99.53,360.01,638.59,151.94,343.61,638.08,132.30,305.17,602.52, 98.99,100.41,155.57, 34.24,113.57,147.77, 45.00,775.28,1054.88,534.23
200906,284.85,660.35,110.05,277.77,637.27,115.91,228.23,566.81,101.35,378.31,670.04,159.97,363.41,675.57,139.68,327.61,648.11,105.67,107.66,166.80, 36.71,122.22,159.83, 47.51,801.96,1091.24,552.59
200907,291.58,678.41,112.22,285.14,658.77,118.25,235.82,602.81,102.80,385.44,677.23,164.67,369.24,682.04,143.38,330.74,653.03,107.27,108.61,167.93, 37.23,123.55,161.27, 48.37,821.09,1121.69,563.47
200908,296.24,686.02,114.59,288.78,662.04,120.59,238.87,600.07,105.31,390.32,685.82,166.75,376.03,695.26,145.80,341.24,673.31,110.89,111.68,172.50, 38.38,128.26,167.30, 50.34,833.74,1133.23,575.18
200909,282.20,650.18,109.75,274.85,626.83,115.30,225.36,569.05, 99.03,375.20,648.55,163.60,360.94,658.75,142.83,326.45,640.07,107.99,106.30,162.93, 37.23,123.84,160.76, 49.50,793.83,1073.14,550.73
200910,277.17,639.58,107.62,270.36,618.96,113.03,222.81,568.60, 97.23,366.96,634.29,160.01,352.70,642.84,139.86,318.37,622.25,106.24,103.86,158.62, 36.68,120.38,155.92, 48.52,779.90,1056.24,540.04
200911,260.22,590.90,102.73,254.94,574.26,108.10,211.38,532.24, 93.05,343.63,584.21,152.86,328.36,589.86,133.09,292.39,567.26, 99.55, 96.34,145.63, 34.86,108.50,140.45, 43.82,732.62,976.15,515.75
200912,281.69,628.67,113.03,276.84,611.16,119.35,230.49,564.05,103.84,371.04,625.26,166.28,352.88,629.66,144.07,310.29,602.73,105.35,102.42,154.83, 37.06,114.72,149.06, 45.88,793.55,1038.77,567.79
201001,280.11,633.96,110.92,275.12,617.96,116.93,229.29,572.75,101.58,368.24,628.61,163.23,350.76,631.17,141.90,309.71,600.98,105.40,102.31,154.65, 37.02,114.34,148.14, 46.06,788.98,1047.93,557.02
201002,278.29,631.64,109.90,273.04,614.59,115.83,226.68,565.53,100.53,367.41,631.40,161.93,350.22,633.88,140.78,309.83,603.39,104.60,102.17,154.84, 36.78,114.78,149.51, 45.60,783.68,1043.67,551.91
201003,307.05,700.00,120.74,301.36,680.62,127.48,250.75,623.59,111.50,404.27,703.34,176.26,385.43,705.58,152.97,341.16,670.75,112.74,112.50,171.97, 39.78,126.39,166.49, 48.72,864.74,1156.48,606.56
201004,309.82,706.71,121.77,302.66,683.09,128.10,249.04,614.90,111.41,412.29,722.67,178.57,395.12,726.85,155.95,354.56,694.21,118.28,116.31,176.57, 41.72,132.75,174.90, 51.16,871.57,1165.70,611.31
201005,276.31,629.88,108.66,269.46,608.18,114.05,221.62,549.01, 98.87,367.29,641.06,159.68,353.14,646.88,140.06,319.62,621.46,108.27,105.03,158.17, 38.28,119.27,156.38, 46.56,777.10,1038.75,545.35
201006,264.60,599.62,104.66,257.25,575.16,109.76,210.33,515.28, 94.70,353.48,612.26,154.72,341.14,623.09,135.75,311.79,607.62,105.09,102.65,155.04, 37.20,115.89,152.19, 45.06,743.96,988.16,525.22
201007,267.21,603.12,106.09,260.74,581.30,111.51,214.59,525.04, 96.72,355.07,612.22,156.03,341.05,619.97,136.43,307.87,599.36,104.01,101.20,152.77, 36.71,114.81,150.41, 44.92,751.66,994.66,532.52
201008,253.32,571.16,100.68,247.37,551.68,105.76,205.36,503.56, 92.39,332.85,572.83,146.51,320.31,580.77,128.50,290.58,562.64, 99.34, 95.67,143.45, 35.18,108.01,141.13, 42.55,712.75,942.21,505.43
201009,263.28,589.13,105.39,257.27,568.35,110.87,213.15,514.73, 97.08,347.18,596.40,153.05,333.36,603.70,133.91,300.66,583.21,102.38, 99.13,148.60, 36.48,111.41,146.47, 43.18,740.89,971.66,529.24
201010,257.93,578.24,103.07,253.34,562.40,108.73,210.45,509.03, 95.73,340.59,590.64,148.92,324.02,588.74,129.68,285.12,553.13, 97.07, 94.57,142.15, 34.61,104.35,136.66, 40.86,726.66,955.42,517.86
201011,273.50,612.48,109.40,268.41,594.35,115.44,223.33,540.38,101.56,360.03,620.43,158.29,343.28,622.39,137.72,303.87,591.62,102.64,100.37,151.35, 36.50,112.18,147.45, 43.51,770.27,1011.31,549.68
201012,285.74,642.93,113.73,279.53,620.71,119.91,232.68,563.33,105.76,374.68,649.62,163.77,359.68,657.32,142.87,323.19,633.23,107.57,106.30,161.37, 38.13,120.30,158.84, 45.97,804.41,1060.88,571.38
201101,289.31,649.29,115.46,282.42,624.93,121.55,235.19,566.19,107.43,378.33,655.65,165.44,364.83,666.58,144.95,331.03,646.82,110.88,108.58,163.86, 39.41,123.85,163.83, 47.05,813.99,1070.19,580.04
201102,302.34,683.56,119.72,295.18,659.31,125.94,247.00,603.87,111.30,392.53,680.94,171.47,379.30,693.85,150.47,345.70,675.59,115.75,113.43,171.18, 41.18,129.25,171.08, 49.01,850.58,1126.78,601.38
201103,279.34,621.81,112.43,271.33,591.90,118.28,224.46,529.98,104.25,367.10,631.32,161.72,356.44,650.73,141.76,328.20,644.59,108.61,107.10,161.57, 38.91,123.99,166.13, 45.12,785.16,1022.76,564.80
201104,274.06,602.53,111.71,266.51,573.51,117.57,220.74,513.45,103.80,359.89,611.80,160.31,348.85,630.65,140.47,320.08,624.75,107.48,105.11,157.69, 38.61,119.49,159.20, 44.31,770.51,991.22,561.19
201105,269.79,591.30,110.31,262.17,562.76,115.91,216.84,505.47,101.78,354.81,597.65,159.42,344.16,617.30,139.93,316.23,613.33,107.76,104.14,154.94, 38.88,117.40,156.08, 43.86,758.61,972.86,554.21
201106,273.39,603.71,110.94,264.73,572.35,116.31,217.50,512.33,101.21,361.83,610.70,162.26,352.36,634.04,142.71,326.49,634.73,110.66,107.49,160.18, 40.00,121.29,161.79, 44.80,768.53,992.98,557.35
201107,270.87,595.11,110.48,261.98,562.58,115.78,215.47,502.66,101.07,357.49,601.78,160.71,349.15,627.41,141.64,325.47,631.92,110.64,107.21,159.47, 40.04,120.79,161.09, 44.65,761.36,978.54,555.04
201108,248.53,548.38,100.93,238.56,513.38,105.24,193.94,452.97, 90.89,331.09,558.60,148.53,326.40,588.48,131.87,310.17,601.55,105.71,101.47,150.71, 38.01,116.62,155.15, 43.46,697.85,900.38,506.80
201109,247.66,554.15, 99.15,236.79,516.56,103.21,190.07,449.70, 88.12,334.55,572.07,148.19,330.41,602.82,131.51,315.11,616.40,105.27,103.34,155.47, 37.74,117.94,157.27, 43.62,695.33,910.18,497.70
201110,248.94,547.02,101.52,239.46,513.04,106.04,195.33,453.63, 91.97,330.74,556.66,148.71,325.22,585.23,131.70,307.42,596.49,104.66,101.27,150.64, 37.82,114.09,151.87, 42.44,699.41,898.96,509.84
201111,237.46,520.12, 97.15,227.61,484.37,101.37,185.27,427.02, 87.76,315.32,527.64,142.54,311.92,560.82,126.45,298.45,580.39,101.08, 98.34,146.92, 36.41,110.71,147.18, 41.35,666.87,854.12,487.80
201112,237.68,522.27, 96.95,227.62,485.91,101.11,184.59,427.50, 87.07,316.88,530.84,143.12,313.59,564.64,126.94,300.38,585.12,101.40, 98.94,147.98, 36.56,111.49,148.62, 41.39,667.33,857.29,486.78
201201,245.91,547.60, 99.05,235.38,509.56,103.33,192.04,454.56, 88.83,325.09,545.81,146.56,322.74,584.56,129.87,311.79,613.12,103.31,101.81,153.55, 37.07,117.52,158.26, 42.62,690.09,898.18,497.28
201202,272.01,612.21,108.42,261.64,574.18,113.50,216.83,521.80, 98.76,353.77,598.37,158.56,349.83,637.45,139.92,334.44,662.37,109.22,109.02,165.83, 39.06,126.44,171.06, 45.36,763.70,1005.16,544.48
201203,280.94,627.77,112.78,269.64,586.67,117.85,222.76,528.61,102.80,366.16,619.25,164.13,363.26,661.26,145.43,350.27,689.99,115.65,114.43,172.76, 41.58,131.92,178.18, 47.51,788.63,1030.21,566.30
201204,264.71,581.30,108.04,253.65,541.27,112.71,208.91,487.04, 97.96,345.88,572.48,157.68,343.87,615.19,140.08,333.43,649.08,112.69,108.31,161.09, 40.42,126.85,170.00, 46.52,742.61,952.82,542.29
201205,236.80,513.50, 97.78,226.75,476.76,101.99,187.24,430.48, 88.88,308.11,501.68,142.22,307.02,543.13,126.45,299.52,580.46,102.10, 97.16,143.36, 36.76,114.22,153.19, 41.82,664.23,841.37,490.74
201206,253.33,552.71,104.02,242.71,514.16,108.50,200.99,467.01, 94.53,328.52,536.26,151.35,327.36,580.29,134.56,319.37,619.64,108.62,103.73,153.33, 39.13,121.52,163.06, 44.44,710.70,905.93,522.10
201207,242.23,520.57,100.84,231.80,482.70,105.08,192.48,442.40, 91.39,312.58,496.61,146.90,312.53,543.55,130.81,307.58,591.69,106.32, 99.94,145.84, 38.52,116.96,156.65, 42.95,679.49,852.76,506.18
201208,240.94,511.32,101.43,230.46,473.49,105.59,191.34,434.11, 91.87,310.83,486.86,147.54,311.06,534.41,131.67,306.87,584.50,108.02,100.01,144.13, 39.35,116.05,154.65, 43.12,675.92,837.48,509.17
201209,245.38,525.86,102.41,234.65,487.64,106.55,194.83,447.70, 92.53,316.46,500.33,149.23,316.84,548.10,133.27,312.93,597.53,109.67,102.33,148.06, 40.00,117.65,156.89, 43.65,688.45,861.70,514.05
201210,247.16,529.48,103.18,236.57,492.25,107.31,195.68,449.75, 92.91,320.73,508.85,150.87,320.07,553.11,134.76,313.46,595.20,110.97,102.64,147.67, 40.50,117.57,155.97, 44.13,693.51,867.95,517.88
201211,259.95,560.07,107.97,249.23,521.71,112.51,207.48,477.02, 98.49,334.89,538.69,155.98,333.91,583.54,139.12,326.25,624.31,113.88,106.38,154.61, 41.28,123.29,164.07, 45.96,729.54,918.37,541.99
201212,285.77,631.02,115.91,274.36,590.36,121.01,229.64,541.96,106.87,365.89,606.59,165.44,364.56,653.15,147.29,355.56,691.09,119.56,115.82,171.13, 43.37,134.58,181.65, 48.17,802.13,1035.40,581.96
201301,312.52,692.98,126.23,299.93,649.20,131.61,253.86,611.81,116.21,393.62,645.32,179.98,394.24,701.31,160.73,389.78,754.70,132.32,126.37,186.36, 47.52,148.69,199.22, 54.37,876.80,1137.09,633.24
201302,324.48,718.93,131.17,311.23,672.55,136.77,262.68,630.00,120.71,410.14,673.76,187.16,410.79,732.11,167.09,406.17,787.63,137.36,131.89,195.81, 48.84,154.54,205.76, 57.52,910.23,1180.10,657.58
201303,347.33,763.29,141.54,332.33,711.52,147.21,278.48,657.17,129.61,442.44,725.61,202.23,444.11,788.51,181.49,441.54,848.42,152.70,142.38,210.03, 53.50,169.91,223.09, 65.69,973.79,1251.89,709.27
201304,391.03,863.08,158.67,374.51,808.69,164.68,314.17,745.73,145.56,497.84,826.33,224.85,498.93,889.06,202.97,494.03,939.35,175.14,158.79,232.75, 60.54,191.09,246.66, 77.17,1096.09,1416.82,794.16
201305,381.84,840.23,155.41,366.54,790.67,161.32,306.00,729.38,141.31,490.61,807.54,223.45,488.49,862.26,201.08,475.56,898.09,171.24,152.15,221.83, 58.69,185.30,236.97, 76.55,1069.91,1379.78,776.94
201306,381.08,839.51,154.92,367.24,793.98,161.31,307.49,735.15,141.66,489.50,807.21,222.54,484.10,855.37,199.03,462.86,878.04,164.97,149.96,218.68, 57.81,176.76,228.72, 70.96,1069.22,1380.09,775.79
201307,380.48,841.11,154.14,365.97,793.70,160.32,306.63,737.12,140.65,487.37,803.85,221.53,483.94,856.47,198.57,467.74,888.45,166.22,151.79,221.09, 58.67,178.15,231.75, 70.57,1067.39,1381.93,772.17
201308,371.82,823.83,150.30,357.49,776.68,156.36,300.31,723.79,137.46,474.30,783.22,215.33,471.87,837.12,193.04,458.43,873.60,161.68,149.19,217.32, 57.66,173.78,228.00, 67.34,1043.28,1353.30,753.33
201309,404.13,898.11,162.86,387.46,843.39,169.18,323.76,782.38,147.88,517.94,855.38,235.11,517.14,918.99,211.11,507.20,968.41,178.07,163.64,238.57, 63.13,195.02,256.60, 75.00,1132.90,1473.49,815.88
201310,403.72,893.10,163.45,387.15,837.76,169.93,324.18,776.63,149.10,516.02,850.38,234.74,515.42,915.18,210.62,505.99,967.49,177.05,163.97,238.43, 63.61,193.16,256.21, 72.68,1132.08,1464.77,819.45
201311,426.25,938.95,173.29,409.78,882.26,180.65,343.71,816.50,159.14,544.85,897.45,247.98,541.84,962.18,221.40,525.82,1009.97,182.02,171.50,251.20, 65.48,198.55,263.60, 74.52,1195.97,1541.20,869.10
201312,441.52,971.44,179.71,424.59,912.27,187.52,357.39,844.78,166.13,561.44,927.22,254.79,558.96,995.43,227.54,543.72,1047.27,187.23,177.19,260.70, 67.16,205.63,272.93, 77.24,1238.70,1594.53,901.11
201401,414.57,911.05,168.95,396.32,849.83,175.35,329.30,777.89,153.15,534.64,876.90,244.45,535.33,947.64,219.61,527.05,1008.18,183.84,170.85,248.27, 66.06,201.41,267.54, 75.50,1162.15,1493.65,846.74
201402,411.72,900.98,168.49,394.71,841.33,175.57,326.79,765.47,152.98,535.37,874.84,245.76,532.05,940.91,218.54,515.57,993.00,177.55,167.21,244.86, 63.86,196.83,262.94, 72.73,1154.72,1477.58,844.96
201403,412.20,900.73,168.93,394.07,836.68,175.89,326.65,762.27,153.37,533.52,868.56,245.90,533.55,943.62,219.14,523.94,1012.81,179.19,168.98,247.75, 64.41,202.17,271.73, 73.52,1155.72,1476.10,847.24
201404,398.69,873.75,162.93,380.88,809.56,169.84,314.52,731.44,148.07,518.58,849.25,237.51,518.42,923.17,211.07,508.69,991.81,171.14,164.55,244.17, 61.50,195.16,263.31, 70.27,1117.96,1432.14,817.19
201405,412.20,903.87,168.35,394.42,841.18,175.36,325.09,761.26,152.23,538.53,880.60,247.04,536.13,950.48,219.52,521.44,1009.13,177.95,169.55,249.55, 64.22,198.06,265.93, 72.23,1156.25,1482.66,844.36
201406,433.40,952.43,176.62,413.52,883.89,183.48,340.00,799.15,158.75,566.68,926.42,260.01,566.73,1004.49,232.12,556.57,1074.61,190.77,180.32,264.51, 68.68,212.90,285.39, 77.96,1214.94,1561.28,885.34
201407,442.77,969.60,181.08,422.85,899.43,188.43,346.32,809.51,162.39,582.82,948.04,268.88,580.72,1026.54,238.68,565.90,1095.74,192.93,183.01,269.34, 69.33,217.23,291.65, 79.22,1241.34,1589.42,907.81
201408,438.86,962.59,179.19,417.95,889.78,186.11,340.69,797.59,159.56,580.08,942.54,267.93,579.92,1025.07,238.36,569.07,1102.16,193.92,183.13,268.59, 69.77,220.52,297.55, 79.38,1229.66,1576.68,898.03
201409,458.54,997.45,188.77,438.35,924.23,196.85,360.24,829.09,170.91,601.16,978.15,277.25,598.76,1059.63,245.72,582.99,1131.93,197.72,187.26,275.16, 71.12,226.72,306.82, 80.99,1285.25,1633.94,946.46
201410,461.15,995.82,191.19,441.91,924.57,199.77,362.87,824.46,173.80,606.77,985.60,280.35,601.17,1061.10,247.55,578.81,1121.73,197.00,186.80,273.63, 71.31,223.05,302.35, 79.31,1293.23,1632.00,959.08
201411,487.71,1051.07,202.59,468.55,978.74,212.10,384.69,871.29,184.68,643.46,1045.50,297.21,634.25,1118.89,261.35,603.90,1170.85,205.38,195.79,287.75, 74.34,230.69,311.75, 82.71,1368.26,1723.65,1016.42
201412,486.80,1052.14,201.65,466.20,975.63,210.69,378.86,858.51,181.80,649.38,1057.83,299.20,641.68,1135.51,263.49,615.11,1195.75,208.23,199.43,293.18, 75.68,234.95,319.53, 83.21,1365.07,1724.06,1011.56
201501,489.55,1048.99,204.49,468.71,970.93,213.73,376.71,845.24,182.27,662.62,1066.99,308.68,652.52,1144.23,270.68,619.69,1202.48,210.44,201.33,295.26, 76.71,235.89,320.61, 83.64,1373.08,1718.98,1026.04
201502,527.11,1146.90,216.93,506.31,1069.02,227.01,409.78,948.19,193.16,709.13,1147.37,328.86,695.56,1223.78,287.47,653.41,1271.52,220.80,213.95,314.38, 81.26,245.46,335.34, 86.16,1479.98,1882.72,1089.09
201503,538.46,1152.91,225.08,517.32,1072.46,235.74,417.78,947.88,200.27,726.69,1156.30,342.28,711.94,1236.16,298.51,666.62,1290.68,227.23,218.21,319.29, 83.43,250.56,340.10, 89.07,1511.81,1892.03,1130.05
201504,556.20,1217.05,227.65,535.36,1138.06,238.58,436.92,1016.64,204.97,741.38,1210.22,340.95,726.36,1286.82,297.91,680.16,1328.20,228.45,222.44,329.31, 83.47,256.03,348.75, 90.39,1561.98,1998.94,1142.83
201505,584.94,1298.90,235.90,563.31,1218.52,247.02,459.33,1087.56,212.17,781.02,1297.28,353.13,764.16,1370.50,309.08,712.88,1394.88,238.60,234.24,347.12, 87.74,266.21,364.08, 93.25,1643.32,2135.12,1184.38
201506,570.50,1259.39,231.45,547.14,1176.04,241.36,443.94,1047.62,205.68,763.73,1255.21,348.92,752.10,1336.55,307.40,714.32,1383.70,243.29,234.32,342.73, 89.66,267.51,363.90, 94.69,1601.60,2068.50,1161.26
201507,580.58,1282.58,235.37,557.12,1201.83,244.93,447.83,1066.07,205.83,787.43,1289.76,360.94,772.03,1362.11,318.09,724.36,1385.37,252.05,237.75,342.99, 92.95,271.00,364.60, 97.97,1629.89,2107.51,1180.38
201508,537.81,1183.39,218.91,514.26,1103.25,227.26,411.50,973.69,190.18,731.22,1191.69,336.79,720.76,1268.02,297.91,686.29,1310.80,239.33,224.79,322.48, 88.64,257.66,348.46, 92.24,1509.14,1942.77,1097.75
201509,497.50,1099.97,201.52,473.57,1019.52,208.59,375.91,891.65,173.35,680.38,1113.96,312.00,674.68,1193.79,277.10,652.89,1252.83,225.94,213.01,307.83, 83.05,246.79,333.71, 88.37,1394.94,1804.38,1009.85
201510,549.63,1212.75,223.09,525.74,1128.56,232.19,420.51,990.50,195.14,747.95,1227.65,342.16,736.65,1307.81,301.42,699.86,1355.31,238.50,230.40,335.95, 88.60,260.46,356.00, 91.36,1542.70,1991.22,1119.22
201511,557.36,1216.08,228.76,531.29,1125.43,237.51,422.89,983.27,198.51,760.64,1231.23,352.59,752.92,1322.63,311.71,725.15,1394.98,249.91,238.12,344.05, 92.87,271.08,369.37, 95.66,1563.50,1994.79,1147.32
201512,546.65,1187.79,225.22,520.76,1098.44,233.62,414.63,963.81,194.67,745.28,1194.99,348.16,738.71,1287.90,308.10,714.04,1367.09,248.00,234.77,337.82, 92.14,266.30,360.79, 94.98,1533.29,1948.20,1129.32
201601,506.22,1084.62,211.19,481.58,998.74,219.04,380.12,867.48,181.20,696.92,1100.96,329.47,690.52,1190.68,291.09,666.80,1272.46,232.83,219.68,315.47, 86.48,247.76,333.92, 89.23,1419.74,1778.33,1058.98
201602,459.62,958.76,196.21,436.41,878.52,203.16,344.11,759.59,168.37,632.38,974.07,304.85,628.66,1060.91,270.41,612.51,1149.18,219.69,201.70,283.67, 81.87,227.79,303.84, 83.62,1288.39,1570.61,983.45
201603,481.69,1007.30,205.21,455.89,922.28,211.42,359.54,802.20,174.48,660.45,1015.01,318.94,660.69,1109.87,285.41,654.60,1211.43,239.74,214.16,297.29, 88.54,246.38,323.49, 93.00,1349.27,1649.50,1027.47
201604,479.51,1001.86,204.42,454.23,916.35,211.10,358.50,796.16,174.59,657.42,1009.89,317.60,656.70,1105.82,283.05,648.14,1210.30,234.18,213.12,299.15, 86.76,241.67,319.27, 90.25,1343.62,1641.20,1023.88
201605,493.60,1028.51,210.91,466.81,939.21,217.39,367.35,824.86,177.39,678.11,1021.10,332.56,678.80,1126.67,296.46,673.75,1251.10,245.50,221.35,309.11, 90.75,251.64,330.26, 95.06,1382.82,1685.01,1055.89
201606,446.59,906.10,195.05,421.53,823.07,200.73,330.27,719.66,163.16,615.66,899.89,308.51,617.66,1000.59,275.59,616.65,1127.07,230.01,202.57,277.59, 85.23,230.35,299.12, 88.60,1250.46,1482.75,976.22
201607,474.00,981.13,203.67,447.64,891.62,210.06,353.75,786.18,172.18,646.86,964.41,319.57,650.23,1075.55,284.86,652.48,1218.17,235.82,214.13,299.71, 87.51,244.19,323.88, 90.57,1327.57,1605.97,1019.80
201608,476.53,1012.69,200.20,452.88,929.78,207.61,364.50,824.55,174.97,639.19,998.17,304.90,638.88,1095.15,270.81,631.59,1203.33,221.15,208.10,297.94, 82.31,234.61,316.49, 84.38,1335.86,1659.95,1003.19
201609,477.88,1001.55,203.19,451.84,911.65,209.96,359.62,799.12,175.06,647.01,993.58,312.69,650.56,1101.86,278.91,653.32,1235.48,231.47,214.65,304.34, 86.11,243.98,327.78, 88.42,1338.67,1639.77,1017.68
201610,503.33,1071.87,211.09,475.47,975.28,218.14,378.12,854.20,181.72,681.59,1064.03,325.22,686.32,1180.41,290.01,691.86,1324.45,240.44,227.74,326.53, 89.88,257.46,350.88, 90.88,1410.29,1755.41,1057.63
201611,530.39,1160.37,217.05,502.30,1062.22,224.73,403.05,942.90,188.24,711.13,1138.46,332.21,715.13,1256.72,295.61,718.32,1397.03,243.09,236.18,344.21, 90.89,267.85,370.47, 91.81,1486.59,1901.80,1087.67
201612,549.23,1215.49,222.01,519.61,1112.54,229.70,414.18,981.75,191.02,743.13,1202.98,343.36,746.56,1323.97,305.25,748.17,1464.12,250.22,245.91,361.10, 93.37,279.17,387.51, 94.96,1539.15,1992.04,1112.40
201701,550.61,1216.44,222.99,520.87,1112.77,230.75,416.47,980.31,193.38,741.43,1206.21,340.87,746.07,1327.82,303.74,750.51,1468.97,250.91,246.25,361.88, 93.37,281.08,389.67, 95.87,1542.58,1992.94,1117.00
201702,555.68,1230.56,224.47,524.11,1121.00,231.93,417.04,980.44,193.87,751.52,1228.07,343.96,759.14,1357.57,307.24,770.38,1512.94,255.89,251.74,371.79, 94.59,290.98,403.30, 99.30,1555.80,2014.90,1123.66
201703,552.86,1208.19,226.51,521.50,1099.55,233.99,414.97,958.30,196.17,747.74,1210.70,345.44,755.18,1338.37,309.03,766.04,1491.55,258.67,248.83,364.38, 94.95,292.90,402.17,101.97,1547.20,1977.00,1133.45
201704,559.78,1217.77,230.44,527.60,1106.10,238.00,419.53,960.72,199.84,757.29,1223.81,350.52,765.85,1355.57,313.88,779.27,1516.04,263.56,254.72,371.67, 97.82,294.20,406.03,101.32,1567.24,1993.21,1153.70
201705,573.90,1219.32,241.98,540.69,1104.94,249.69,427.96,958.39,207.92,781.40,1224.92,372.49,789.23,1361.81,333.23,800.71,1532.84,278.92,260.77,373.12,103.57,304.57,416.15,107.11,1605.69,1993.17,1211.10
201706,590.28,1265.99,246.55,555.33,1146.05,254.20,438.63,990.11,211.64,805.02,1277.58,379.28,814.66,1420.23,339.92,830.17,1598.36,286.21,269.61,389.24,105.48,317.56,433.59,111.84,1650.96,2069.37,1233.35
201707,592.77,1270.33,247.79,556.94,1147.19,255.37,440.40,991.26,213.02,806.03,1278.57,379.94,818.26,1427.96,341.02,839.85,1620.06,288.55,271.66,392.38,106.19,323.87,444.01,113.11,1657.16,2074.65,1239.47
201708,592.59,1265.48,248.59,555.20,1138.29,255.64,437.98,978.50,213.23,806.28,1277.76,380.40,822.32,1433.91,343.03,852.88,1640.16,294.66,274.54,394.40,108.31,332.07,455.56,115.82,1655.52,2064.28,1243.19
201709,618.02,1329.17,257.41,578.91,1194.84,264.96,458.21,1031.95,221.52,836.63,1332.53,392.81,854.90,1500.70,353.84,890.45,1726.93,302.92,286.20,414.54,111.34,347.74,481.18,119.09,1726.48,2167.64,1287.62
201710,652.03,1397.53,272.51,611.98,1258.46,281.02,485.42,1088.47,235.56,881.66,1400.67,414.97,898.19,1573.53,372.64,929.26,1803.18,315.82,298.80,433.68,115.83,362.60,500.65,124.76,1822.21,2280.10,1363.59
201711,662.17,1414.73,277.70,621.02,1275.18,285.53,490.91,1105.46,237.37,899.25,1414.73,427.16,916.09,1588.35,384.68,947.52,1818.75,327.95,305.23,437.92,120.53,368.52,504.04,129.01,1850.16,2308.38,1388.78
201712,671.84,1451.80,278.64,628.56,1307.82,285.52,494.62,1129.98,236.14,916.34,1457.73,430.58,936.07,1635.81,389.72,973.98,1871.40,336.65,312.68,448.95,123.35,381.72,522.63,133.42,1875.86,2367.71,1392.39
201801,679.59,1458.99,283.67,636.10,1315.57,290.55,502.65,1141.18,241.31,921.61,1458.27,435.35,942.44,1636.54,395.09,982.83,1872.47,343.64,315.19,449.53,125.43,386.10,522.14,137.48,1897.30,2379.71,1416.97
201802,654.63,1397.54,274.75,612.24,1259.85,280.95,485.15,1096.73,233.79,883.34,1389.52,419.66,906.01,1562.87,382.54,950.94,1795.62,336.46,304.79,430.22,122.90,374.03,502.82,134.35,1826.94,2278.52,1371.88
201803,640.97,1358.89,270.81,598.69,1223.84,276.37,472.03,1062.97,228.22,870.27,1354.13,417.78,892.81,1524.14,381.13,937.54,1753.36,335.90,301.22,421.12,122.92,366.80,488.49,133.55,1788.60,2215.65,1351.71
201804,663.06,1431.78,275.22,619.71,1290.89,281.21,488.01,1121.79,231.72,902.45,1427.25,426.51,924.10,1603.51,387.74,966.56,1838.49,338.73,312.15,444.32,124.55,373.77,505.48,133.09,1851.62,2336.54,1374.82
201805,652.47,1383.80,275.57,609.21,1246.23,281.05,478.52,1076.55,231.55,890.48,1389.43,426.36,912.59,1559.81,389.07,956.17,1785.82,343.16,308.52,431.03,126.00,370.50,492.38,135.30,1821.45,2256.89,1376.23
201806,647.00,1371.62,273.37,604.16,1235.25,278.86,475.37,1069.27,230.07,880.87,1373.23,422.11,903.29,1543.22,385.29,947.66,1770.19,340.05,306.51,428.22,125.18,365.21,485.73,133.22,1806.65,2237.63,1365.58
201807,655.53,1396.58,275.67,613.41,1260.13,281.92,486.59,1095.37,235.34,883.66,1392.70,419.04,905.78,1562.59,382.42,949.46,1787.10,337.36,307.60,432.73,124.55,364.52,489.32,131.21,1831.11,2279.21,1377.60
201808,649.39,1371.99,275.26,608.76,1239.54,282.01,484.37,1073.00,237.49,872.95,1377.98,413.34,892.85,1539.13,377.26,931.50,1745.46,332.91,300.79,422.61,121.99,360.32,478.01,131.91,1814.24,2239.85,1375.42
201809,684.85,1459.41,287.93,643.51,1324.32,295.27,512.00,1148.18,248.44,922.81,1469.00,433.37,939.36,1628.26,394.59,969.98,1819.84,346.10,313.31,440.50,126.97,374.94,498.70,136.76,1914.43,2384.69,1439.27
201810,620.84,1346.09,256.68,584.66,1227.53,263.38,467.77,1073.28,222.50,831.37,1345.49,384.04,844.68,1483.23,349.88,868.62,1640.30,307.32,280.19,396.93,112.47,336.80,449.77,122.16,1736.00,2200.80,1283.27
201811,628.77,1345.39,263.50,590.37,1221.82,269.67,466.88,1053.87,225.51,854.33,1365.06,399.71,868.51,1507.30,364.47,894.27,1670.61,321.20,288.83,404.91,117.60,345.73,456.47,127.54,1757.92,2198.31,1317.61
201812,563.45,1214.76,234.24,531.43,1108.99,240.76,418.60,957.74,199.49,773.58,1236.69,361.74,777.86,1352.45,325.75,781.57,1472.99,276.91,253.74,358.16,102.27,298.60,399.67,107.60,1577.06,1986.78,1172.92
201901,592.59,1284.99,244.84,560.10,1177.97,251.77,443.48,1018.90,210.46,809.05,1310.55,373.40,811.92,1422.71,337.03,812.14,1528.27,288.44,264.50,374.38,106.17,308.02,407.97,113.02,1659.77,2104.81,1225.80
201902,607.91,1296.24,255.69,573.40,1183.82,262.55,454.66,1021.78,220.56,826.53,1321.26,386.52,833.47,1443.44,350.60,842.90,1569.04,304.41,273.42,381.97,111.90,322.67,424.64,119.68,1701.48,2120.84,1279.62
201903,608.07,1287.89,257.52,574.40,1179.28,264.41,453.76,1019.42,220.19,832.62,1313.19,394.47,835.67,1428.35,356.65,836.10,1539.99,306.77,270.74,373.98,112.62,321.35,419.01,121.01,1702.13,2107.50,1288.80
201904,619.77,1305.27,263.96,585.72,1194.28,271.37,466.96,1039.79,228.49,837.32,1315.67,398.10,843.14,1438.60,360.52,849.93,1566.40,311.57,275.10,379.58,114.61,326.98,428.16,122.29,1735.13,2135.69,1321.55
201905,579.30,1210.91,248.57,547.60,1110.00,255.10,440.88,980.63,215.95,770.99,1195.49,371.11,779.59,1312.75,338.06,793.33,1440.59,297.13,256.25,348.38,108.97,306.64,395.52,117.48,1621.19,1980.77,1243.75
201906,595.30,1245.77,255.15,563.57,1142.75,262.46,454.83,1008.90,223.34,790.51,1232.03,378.72,797.74,1350.48,343.99,808.15,1477.19,299.84,261.22,357.35,110.14,311.89,405.27,118.10,1666.63,2038.22,1277.43
201907,601.45,1247.36,260.07,568.95,1142.39,267.35,460.47,1011.29,228.18,794.45,1226.47,383.94,804.17,1350.71,349.64,820.30,1490.19,307.04,263.98,358.09,112.59,319.76,414.68,121.46,1683.30,2039.42,1301.96
201908,580.92,1194.71,253.21,550.54,1096.34,260.62,445.77,974.41,221.83,768.20,1169.55,375.92,774.74,1285.74,341.04,783.73,1413.94,296.24,252.98,340.25,109.15,303.39,392.29,115.79,1626.87,1954.48,1268.47
201909,615.51,1277.11,266.02,583.65,1172.68,274.09,470.73,1039.50,232.10,819.50,1256.31,398.55,823.93,1377.34,359.99,827.63,1507.04,308.74,266.65,362.04,113.59,321.76,419.62,121.12,1724.15,2089.81,1332.98
201910,646.48,1338.98,279.88,611.98,1224.10,288.55,493.39,1080.40,245.12,859.79,1320.35,417.50,867.37,1456.91,377.10,878.02,1612.95,323.41,282.98,387.09,119.33,341.10,450.06,125.95,1810.29,2188.80,1402.87
201911,659.01,1358.19,286.69,623.16,1240.59,295.09,501.68,1094.81,250.04,877.51,1338.42,428.70,886.61,1479.29,388.17,900.64,1642.64,335.33,289.08,393.66,122.67,352.67,459.42,133.17,1844.46,2219.52,1435.95
201912,668.84,1377.68,291.13,632.42,1257.76,299.75,510.46,1111.69,254.91,886.99,1353.63,433.12,897.40,1498.95,392.43,914.38,1669.98,339.71,293.05,398.38,124.66,359.06,470.77,133.99,1871.34,2249.52,1458.37
202001,654.50,1333.94,287.86,621.45,1222.07,297.57,506.62,1090.19,255.79,858.13,1295.87,422.93,864.82,1432.70,381.46,873.38,1591.70,325.57,280.24,380.46,119.44,342.21,447.18,128.49,1832.30,2179.17,1442.77
202002,587.90,1204.56,257.24,561.59,1110.95,267.47,463.17,1011.34,230.73,761.08,1138.87,378.06,761.53,1257.23,337.11,756.44,1393.06,277.37,244.35,335.35,102.51,292.64,386.58,107.69,1648.19,1970.73,1291.16
202003,551.27,1079.34,251.67,525.04,981.87,262.40,429.98,892.43,224.09,719.76,1009.28,376.73,722.26,1145.27,332.69,722.27,1329.55,265.01,232.20,316.37, 98.45,281.99,376.41,101.72,1544.49,1760.59,1264.27
202004,576.61,1115.36,266.04,548.96,1015.63,276.71,450.04,925.80,236.29,751.29,1038.79,397.34,754.91,1178.62,352.74,757.23,1367.99,286.01,243.18,326.38,105.32,296.21,385.55,111.96,1614.86,1819.61,1335.10
202005,616.43,1175.72,287.87,585.25,1068.31,298.14,474.97,965.99,251.72,813.99,1107.78,435.54,818.70,1255.87,388.71,823.04,1455.70,320.72,264.59,347.65,117.93,321.34,409.58,125.95,1725.51,1917.52,1443.39
202006,616.62,1156.68,291.99,586.78,1051.11,303.25,477.35,953.82,256.57,813.06,1083.42,441.63,814.73,1230.81,392.05,811.99,1431.55,317.87,260.73,341.73,116.59,317.72,403.08,125.51,1726.13,1886.09,1464.11
202007,593.41,1095.94,284.57,565.91,996.83,296.12,463.06,918.15,250.39,776.86,1001.24,431.63,777.09,1146.59,381.49,771.32,1350.91,304.76,247.81,321.81,112.15,301.50,381.75,119.49,1662.05,1786.95,1428.07
202008,639.90,1206.60,301.71,609.77,1102.02,313.02,496.46,1008.85,263.29,843.80,1118.88,459.89,843.44,1265.11,408.37,835.76,1460.08,331.38,269.25,350.62,121.42,324.97,406.89,131.15,1792.35,1970.53,1512.69
202009,647.06,1190.91,311.14,613.47,1076.22,321.95,495.25,977.22,268.79,860.40,1108.18,478.25,865.74,1273.86,425.98,871.12,1509.89,349.17,279.44,360.52,127.52,341.50,424.95,139.17,1810.41,1940.45,1559.28
202010,629.76,1155.62,303.54,598.23,1045.53,314.81,485.88,957.06,264.06,831.08,1061.71,464.44,835.25,1224.19,412.29,838.16,1458.13,334.26,268.40,348.36,121.55,329.64,409.96,134.46,1762.90,1884.07,1521.77
202011,701.45,1250.70,348.06,672.20,1140.23,363.61,550.49,1042.26,308.76,922.20,1159.23,526.39,913.28,1314.72,461.83,884.56,1525.77,359.30,284.07,365.69,130.80,346.07,426.77,144.23,1966.50,2041.58,1747.31
202012,722.11,1302.26,354.30,692.23,1187.79,370.66,571.73,1094.73,317.87,938.41,1195.70,527.98,931.75,1359.38,463.26,908.67,1585.40,360.51,292.64,381.53,131.48,353.59,440.22,144.13,2025.08,2126.85,1779.24
202101,725.67,1321.59,352.52,695.80,1208.00,368.62,572.17,1106.51,315.62,949.11,1225.05,526.46,940.33,1384.04,462.18,911.82,1593.61,360.47,293.67,384.29,130.97,354.80,440.86,145.29,2035.29,2159.56,1770.05
202102,748.25,1405.21,351.89,718.39,1291.29,368.22,596.95,1193.63,320.34,965.44,1295.29,511.94,957.88,1454.49,451.19,932.37,1653.49,357.23,300.61,402.05,128.22,362.05,450.54,147.74,2099.37,2299.69,1766.27
202103,789.32,1516.19,361.95,755.48,1391.41,377.82,620.85,1278.92,324.58,1031.43,1405.26,536.62,1025.36,1578.34,473.56,1003.23,1795.17,376.78,325.20,439.23,135.81,385.54,483.47,154.46,2214.51,2482.58,1816.26
202104,768.79,1468.87,354.68,736.28,1348.61,370.30,606.95,1244.44,318.64,1000.86,1355.65,524.51,994.92,1523.65,462.92,973.32,1735.43,368.45,316.03,424.97,133.24,372.81,466.63,150.03,2157.05,2405.24,1779.71
202105,777.52,1505.84,353.21,746.54,1389.73,369.23,619.69,1296.74,319.39,1004.79,1378.15,518.39,996.38,1541.00,457.00,968.43,1736.11,362.21,314.01,424.02,131.21,371.94,469.14,146.94,2182.47,2467.81,1772.68
202106,786.82,1514.38,359.99,753.80,1394.54,375.25,625.46,1307.60,322.65,1015.16,1374.57,532.21,1011.05,1546.24,471.33,994.02,1764.36,380.02,322.01,430.26,137.59,382.46,478.15,154.34,2207.80,2481.15,1805.77
202107,768.36,1485.85,349.66,735.34,1365.67,364.59,609.74,1281.12,313.09,991.26,1345.34,518.18,989.10,1518.96,458.36,977.22,1746.68,367.92,314.92,423.07,133.03,379.81,479.36,149.84,2155.19,2432.33,1754.31
202108,793.12,1511.14,367.04,759.68,1388.95,382.76,629.71,1296.97,329.26,1024.54,1376.12,542.42,1020.43,1550.77,479.97,1003.35,1776.21,385.79,324.90,431.31,140.70,386.36,485.21,154.25,2225.02,2473.75,1841.69
202109,827.57,1588.70,379.73,793.81,1464.74,396.21,660.19,1378.04,341.04,1065.49,1437.73,560.92,1059.48,1615.86,495.82,1037.28,1840.31,396.94,335.86,447.16,144.57,399.48,502.11,159.17,2322.20,2601.75,1905.75
202110,816.96,1563.91,376.05,784.10,1443.04,392.41,653.47,1356.37,339.28,1049.30,1418.07,551.36,1042.99,1590.83,488.05,1020.11,1804.71,392.75,329.34,436.94,142.77,395.11,495.67,158.14,2292.66,2561.41,1887.38
202111,788.93,1482.66,370.59,760.68,1373.10,388.09,641.77,1306.75,338.86,999.81,1328.35,536.20,989.22,1487.31,472.30,955.90,1680.10,373.54,307.01,404.64,134.84,373.98,466.09,152.23,2214.70,2428.47,1860.40
202112,815.34,1545.18,380.09,786.70,1428.06,399.54,665.49,1355.02,351.39,1029.69,1386.93,544.72,1018.59,1556.54,477.07,983.86,1765.48,370.82,314.53,422.47,134.10,388.79,495.84,150.36,2288.42,2529.18,1908.87
202201,772.41,1563.30,337.73,745.58,1457.05,355.04,629.68,1390.15,312.63,978.37,1404.87,482.94,966.25,1556.42,423.12,929.97,1725.30,329.26,299.88,416.95,120.66,360.66,475.46,128.67,2169.32,2563.81,1696.99
202202,769.01,1569.48,333.31,739.43,1458.09,349.15,617.88,1377.02,304.40,986.56,1424.80,483.73,977.15,1580.40,425.52,946.51,1755.71,335.21,304.99,423.61,122.95,367.65,485.38,130.68,2158.60,2572.82,1673.94
202203,803.30,1639.25,348.23,776.82,1538.54,365.27,654.99,1469.93,320.80,1022.02,1480.73,499.25,1004.69,1620.31,439.22,956.85,1755.54,346.13,308.25,424.15,126.28,371.89,484.05,136.98,2256.09,2690.47,1748.56
202204,783.18,1625.92,333.33,755.82,1526.25,348.77,637.03,1467.14,305.17,994.99,1456.85,480.04,982.13,1598.34,424.11,944.07,1740.18,338.50,305.42,421.61,124.44,363.50,477.20,131.10,2199.67,2669.53,1673.75
202205,790.73,1641.59,336.54,764.22,1541.72,352.99,643.67,1468.91,310.81,1007.15,1489.23,480.17,990.75,1625.61,423.02,945.07,1753.12,334.75,305.18,424.83,122.55,365.38,480.55,131.18,2220.80,2694.98,1689.94
202206,772.61,1636.45,321.60,742.64,1529.31,335.99,617.74,1447.29,291.44,997.83,1490.43,469.84,986.87,1636.88,414.94,952.81,1785.60,330.77,308.49,435.40,120.89,366.21,483.44,130.25,2169.28,2686.77,1614.34
202207,801.80,1661.38,341.96,771.04,1548.33,357.75,643.21,1468.34,310.50,1031.41,1504.87,499.70,1020.55,1662.78,440.01,986.36,1834.23,347.69,318.80,445.79,127.02,380.56,499.87,137.07,2251.00,2726.15,1716.60
202208,811.81,1695.96,343.15,779.48,1581.24,358.06,646.19,1490.41,309.16,1052.70,1549.15,504.81,1041.79,1705.57,446.19,1007.26,1869.00,356.56,324.43,452.27,129.96,391.60,513.74,141.47,2278.36,2782.09,1722.18
202209,766.60,1610.24,322.10,732.41,1491.25,335.20,605.64,1408.53,287.63,992.93,1457.05,477.78,991.47,1625.66,423.73,977.66,1825.05,342.04,316.13,443.35,125.31,376.82,497.83,133.76,2150.63,2640.38,1616.06
202210,806.06,1688.79,339.64,773.40,1573.40,354.24,645.84,1502.73,306.59,1032.93,1514.92,497.35,1027.32,1680.43,440.51,1004.29,1867.00,354.20,323.19,451.39,129.03,391.22,514.06,140.76,2261.77,2770.10,1704.06
202211,830.06,1746.86,348.74,797.49,1630.67,364.13,664.51,1557.12,314.11,1068.75,1570.48,514.24,1058.88,1735.63,453.61,1026.43,1915.00,360.30,329.81,462.66,131.00,401.18,528.02,143.92,2329.23,2865.83,1749.76
202212,791.50,1698.54,326.46,758.07,1582.72,339.87,631.12,1518.83,292.24,1017.26,1514.35,482.80,1014.03,1683.00,428.08,996.31,1876.83,344.74,319.73,452.79,125.39,390.48,518.90,137.55,2220.13,2785.70,1637.61
202301,827.28,1765.93,342.95,794.39,1648.25,358.13,665.18,1580.75,311.07,1056.42,1578.35,499.43,1050.37,1748.18,441.94,1026.20,1936.99,354.02,327.77,464.57,128.40,406.33,541.53,142.35,2320.89,2896.17,1720.83
202302,834.97,1811.93,340.66,801.06,1689.46,355.90,666.97,1608.37,308.35,1074.82,1633.59,498.67,1067.68,1806.78,440.21,1040.98,1996.49,350.36,332.80,480.38,127.11,411.38,554.79,140.78,2341.76,2970.63,1709.29
202303,848.99,1804.53,353.39,815.36,1677.36,370.34,680.16,1596.24,321.14,1090.76,1622.69,518.05,1082.19,1804.76,454.24,1052.28,2015.46,354.91,336.92,485.18,129.12,414.47,559.56,141.52,2381.64,2957.30,1774.08
202304,871.67,1867.92,360.04,837.22,1736.75,377.53,697.66,1652.89,327.05,1121.85,1679.96,529.09,1112.24,1867.61,463.03,1079.77,2083.89,359.85,347.06,503.16,131.74,421.72,575.23,141.01,2445.53,3061.64,1807.84
202305,905.52,1923.44,377.15,875.20,1800.09,397.59,736.00,1741.16,345.41,1155.96,1704.05,554.29,1136.08,1885.31,479.65,1081.24,2084.53,360.94,349.18,506.48,132.46,417.86,568.46,140.49,2542.93,3156.57,1894.77
202306,973.00,2119.51,395.57,942.37,1995.29,417.28,798.82,1966.62,363.27,1228.81,1840.20,579.51,1207.04,2031.21,501.18,1147.36,2235.81,376.49,369.91,543.85,137.62,445.09,608.38,148.18,2732.48,3480.61,1986.91
202307,987.44,2193.32,393.66,954.55,2064.41,414.45,804.54,2026.68,358.93,1256.23,1914.66,581.15,1235.50,2110.08,503.71,1177.77,2315.57,380.84,380.50,564.12,139.82,454.79,628.19,148.07,2772.62,3601.84,1977.31
202308,990.35,2225.54,390.09,955.11,2089.25,410.21,798.13,2028.90,353.29,1274.22,1967.12,581.01,1254.26,2167.69,503.70,1197.99,2378.33,381.07,386.47,578.76,139.86,464.10,646.62,148.27,2780.12,3653.43,1959.50
202309,993.88,2300.87,379.08,959.10,2166.43,398.92,802.64,2109.54,344.81,1276.61,2032.24,561.32,1255.85,2229.49,486.63,1197.84,2424.92,368.16,385.62,590.21,134.86,466.20,659.06,144.07,2789.56,3777.91,1904.11
202310,963.96,2223.55,369.15,929.67,2086.09,389.31,779.58,2029.80,337.81,1233.50,1958.87,543.97,1216.15,2163.11,470.03,1165.92,2383.00,352.17,374.88,579.70,128.93,455.03,648.34,138.03,2705.16,3648.79,1854.70
202311,1016.93,2306.54,396.40,982.38,2166.43,418.27,825.78,2100.74,364.33,1297.33,2035.82,580.34,1276.17,2241.36,501.71,1218.53,2458.22,376.65,391.29,595.90,137.88,476.73,673.25,147.45,2854.15,3784.13,1991.91
202312,1016.25,2275.12,400.70,980.07,2128.28,422.48,825.07,2041.24,370.15,1291.67,2020.56,579.95,1275.54,2232.63,503.62,1230.25,2469.34,383.22,394.64,597.67,140.13,482.27,678.07,150.40,2851.29,3730.10,2013.05
202401,1094.52,2480.34,426.98,1061.27,2339.05,452.07,902.74,2277.21,400.33,1378.99,2189.68,608.22,1352.54,2397.39,525.52,1281.57,2595.05,393.87,409.88,627.08,143.52,505.18,714.51,155.81,3071.88,4069.13,2145.55
202402,1148.16,2622.49,444.76,1116.02,2483.82,471.61,967.50,2511.03,421.56,1411.66,2240.10,623.12,1387.92,2461.74,538.80,1323.43,2688.35,404.74,423.71,653.57,146.66,520.68,732.73,162.10,3223.20,4305.20,2234.84
202403,1198.26,2795.42,455.24,1165.37,2652.51,483.22,1006.35,2672.92,432.00,1482.40,2400.17,638.27,1453.56,2626.68,550.54,1376.26,2840.18,410.47,441.40,693.26,148.85,539.67,768.86,164.15,3363.93,4590.12,2287.80
202404,1186.60,2804.49,445.29,1154.36,2659.97,473.57,997.36,2681.57,424.70,1467.28,2405.90,621.62,1438.16,2635.23,534.44,1360.25,2855.36,394.45,438.61,700.31,144.29,528.02,766.70,154.66,3332.17,4606.75,2238.71
202405,1201.77,2855.39,448.69,1171.30,2712.45,478.41,1017.88,2749.14,432.12,1476.30,2439.92,618.92,1444.80,2669.68,530.56,1360.99,2885.33,388.01,438.39,707.23,141.91,529.38,775.54,152.21,3374.47,4688.83,2256.28
202406,1221.87,2872.85,460.81,1190.74,2728.94,490.82,1041.39,2778.45,445.72,1486.75,2443.23,628.02,1459.12,2677.13,541.21,1384.82,2903.43,402.39,442.13,701.40,146.88,547.66,799.68,158.56,3429.37,4713.27,2316.82
202407,1216.29,2862.76,458.25,1182.90,2711.38,487.52,1024.13,2728.29,438.77,1499.08,2457.07,635.40,1471.44,2696.36,546.75,1397.09,2934.86,404.61,450.56,716.16,149.24,542.15,794.89,155.61,3414.68,4698.49,2304.40
202408,1181.59,2719.03,454.64,1148.51,2568.02,483.49,986.05,2538.73,431.78,1473.18,2368.65,640.00,1442.90,2598.26,549.19,1362.11,2825.28,402.95,438.81,687.84,148.40,529.68,768.18,155.56,3317.50,4461.48,2286.33
202409,1164.27,2678.45,448.10,1128.10,2519.60,475.34,955.18,2470.35,417.10,1475.39,2342.78,650.93,1446.67,2581.10,557.46,1369.74,2835.88,406.44,442.99,692.65,150.37,528.66,766.86,155.20,3268.36,4394.22,2253.07
202410,1186.70,2745.50,454.39,1151.98,2590.98,482.59,989.46,2583.37,429.51,1476.74,2369.86,643.12,1450.44,2609.50,552.76,1379.54,2863.40,407.66,447.88,701.73,151.58,528.45,769.85,153.75,3332.37,4506.33,2285.28
202411,1180.76,2762.02,447.81,1144.14,2604.40,474.74,987.01,2617.45,424.54,1458.32,2365.64,626.83,1439.77,2613.16,542.58,1385.89,2886.69,407.49,450.24,706.75,152.21,530.03,777.54,151.94,3315.59,4534.39,2252.03
202412,1226.67,2888.06,462.08,1189.88,2725.82,490.75,1031.61,2773.11,439.41,1504.27,2441.55,646.05,1485.80,2705.51,557.04,1431.51,3006.75,414.54,465.11,735.51,155.27,547.35,811.30,153.48,3444.63,4741.09,2324.29
202501,1229.23,2897.28,462.52,1193.21,2735.66,491.75,1032.27,2777.61,439.38,1513.84,2456.00,650.58,1491.32,2717.38,558.51,1428.99,3011.18,411.32,464.50,737.73,153.90,545.85,809.95,152.70,3452.19,4756.44,2326.87
202502,1182.48,2818.42,439.65,1145.96,2657.35,467.14,971.23,2631.50,411.31,1502.46,2453.93,639.26,1469.54,2695.91,544.38,1386.96,2946.76,393.02,449.22,718.79,146.89,533.97,799.69,146.33,3320.06,4625.83,2211.60
202503,1183.27,2860.92,433.12,1142.46,2689.79,458.77,965.88,2681.73,401.60,1503.60,2465.38,635.97,1480.16,2728.70,543.94,1416.30,3025.91,397.01,458.62,737.63,148.57,545.52,822.21,147.35,3321.53,4694.84,2178.48
202504,1186.36,2809.13,444.16,1144.80,2631.19,470.60,971.27,2619.71,412.63,1498.45,2415.33,650.01,1479.41,2689.30,556.12,1424.33,3016.29,406.22,461.04,734.05,152.14,549.11,822.41,150.44,3329.85,4607.70,2234.03
202505,1248.80,2948.04,469.03,1207.90,2772.12,497.24,1031.57,2795.89,436.70,1564.79,2508.09,684.32,1542.50,2787.61,585.20,1480.21,3116.03,426.97,478.85,755.74,160.52,571.37,855.50,156.63,3505.98,4837.36,2359.34
202506,1277.28,2967.23,487.76,1234.27,2780.57,516.94,1053.75,2797.46,452.78,1599.75,2522.84,715.73,1579.83,2818.12,611.49,1521.85,3180.14,445.10,492.37,768.55,168.25,587.30,879.34,161.01,3586.00,4867.18,2454.02
202507,1317.49,3120.90,493.01,1269.00,2916.57,521.63,1083.15,2948.32,457.09,1645.37,2631.88,721.50,1635.67,2959.61,619.27,1597.52,3381.73,455.98,515.83,816.76,171.94,619.17,936.26,166.00,3697.88,5118.16,2480.22
202508,1376.32,3358.49,498.56,1324.93,3149.42,526.83,1126.07,3218.32,457.71,1729.56,2806.63,742.61,1717.56,3150.91,636.03,1673.86,3589.30,465.82,540.64,868.84,175.39,648.35,989.26,170.23,3862.72,5509.75,2507.72
202509,1420.01,3482.82,511.41,1369.80,3271.29,542.08,1171.22,3380.17,472.32,1771.05,2877.04,759.20,1756.73,3235.62,646.28,1707.94,3697.85,466.08,550.26,894.74,174.58,665.14,1020.05,172.56,3985.87,5714.81,2572.72
202510,1512.46,3632.11,557.65,1472.32,3431.84,596.97,1283.40,3600.92,529.24,1844.05,2962.27,803.69,1812.61,3317.69,673.74,1728.61,3762.32,466.58,559.79,914.08,176.14,665.77,1029.26,169.41,4248.99,5963.83,2807.48
202511,1529.76,3764.82,549.48,1479.59,3536.17,585.84,1264.32,3603.43,516.44,1911.83,3154.56,799.14,1886.07,3529.95,674.88,1813.68,3996.85,476.87,585.24,969.07,179.15,704.23,1098.11,175.41,4295.69,6179.86,2765.51
202512,1545.15,3878.20,543.71,1494.48,3649.99,579.94,1276.27,3763.76,511.35,1932.60,3227.89,790.70,1906.10,3610.57,667.06,1831.86,4084.36,470.00,589.79,990.17,175.82,714.86,1122.43,174.92,4338.49,6366.41,2736.33
202601,1623.26,4120.59,564.25,1572.18,3887.60,602.86,1343.64,4093.14,528.01,2031.05,3384.29,834.53,1998.53,3789.41,698.09,1909.66,4296.86,480.32,615.40,1045.53,179.11,743.70,1171.82,180.32,4557.92,6766.07,2839.42
202602,1792.86,4633.87,610.80,1733.95,4369.55,652.53,1447.04,4507.67,560.78,2308.56,3863.04,941.38,2258.27,4308.88,779.42,2126.38,4842.60,520.48,685.32,1179.94,193.97,827.88,1316.84,195.71,5034.03,7610.57,3073.39
202603,1607.38,4175.77,544.43,1553.28,3939.04,580.79,1298.92,4095.27,499.49,2062.80,3462.19,836.62,2022.48,3866.33,695.48,1915.36,4357.26,470.01,617.75,1060.83,175.82,744.47,1186.82,174.90,4513.62,6858.86,2739.75
202604,1730.50,4315.84,612.81,1680.00,4063.81,657.56,1418.81,4215.11,565.88,2203.61,3578.42,945.86,2149.18,4004.96,774.82,2008.41,4536.40,500.85,648.75,1106.01,187.47,777.87,1231.86,186.07,4860.70,7087.74,3084.87
202605,1856.56,4534.63,671.60,1808.51,4260.85,724.82,1525.60,4360.89,621.95,2375.63,3789.77,1049.06,2300.95,4242.15,845.21,2112.10,4806.80,517.84,687.12,1183.53,194.33,804.48,1277.57,191.00,5216.56,7448.02,3381.95
202606,1892.12,4550.14,695.03,1845.68,4265.12,752.14,1531.54,4312.15,629.54,2474.82,3827.80,1144.79,2377.38,4288.68,905.73,2135.04,4869.81,520.81,697.35,1202.08,196.90,805.46,1287.01,188.05,5318.25,7472.75,3501.99
202607,1867.47,4711.00,653.36,1820.59,4461.38,703.98,1546.82,4648.98,612.69,2369.67,3914.59,988.48,2297.45,4347.44,805.57,2114.42,4836.44,512.43,683.94,1180.74,192.50,816.35,1309.63,188.48,5247.43,7738.94,3290.99
202608,1940.77,4881.00,681.21,1890.82,4609.08,734.77,1602.18,4783.92,637.10,2469.61,4056.43,1040.21,2395.06,4520.86,843.67,2205.96,5071.13,528.41,708.23,1230.44,196.63,866.62,1391.41,199.61,5450.94,8013.05,3430.33
